"Marca temporal","Puntuación","¿Acepta participar en esta encuesta?","1. Rol del participante (Seleccione una opción)","2. Edad","3. Sexo","4. Ciudad","5. En caso de trabajar en una clínica veterinaria, ¿cuántos años de experiencia tiene?","6. En caso de ser dueño(a) de mascota, ¿cuántas mascotas tiene actualmente?","1. ¿Cómo califica la organización y gestión de la información en un centro veterinario que conoce o utiliza?","2. ¿Con qué frecuencia considera que se presentan inconvenientes durante la atención o gestión en una veterinaria?","3. ¿Qué tan importante considera el uso de un sistema informático para mejorar la atención y gestión de una veterinaria?","4. ¿Cuál de los siguientes aspectos considera que debería mejorarse en una veterinaria?","5. ¿Qué tan útil considera recibir recordatorios de citas, vacunas, tratamientos o controles veterinarios mediante un sistema digital?","6. ¿Qué tan de acuerdo está con el uso de Inteligencia Artificial como apoyo para mejorar la gestión y atención en las veterinarias?","7. Desde su experiencia, ¿Cuál considera que es el principal problema o dificultad que existe actualmente en la atención o gestión de una veterinaria?","8. ¿Qué características o funciones le gustaría que tuviera un sistema para mejorar la gestión y atención en una veterinaria?","9. ¿Qué beneficios cree que aportaría un sistema de gestión con inteligencia artificial a una veterinaria?","10. ¿Tiene alguna sugerencia o comentario que considere importante para el diseño de un Sistema de Gestión para un centro Veterinario con Inteligencia Artificial (SGCV-IA)?"
"2026-07-27 09:38:53.000000",0,"Sí, acepto participar.","Dueño(a) de mascota","18–25 años","Masculino","El empalme ","No aplica","1","Muy mala","Rara vez","Neutral","Historial clínico","Neutral","En desacuerdo","Buscar el historior de mi mascota ","mejor atención ","mas rapida y menos caotica ","que sea muy bien diseñado "
"2026-07-27 14:46:43.000000",0,"Sí, acepto participar.","Médico veterinario(a)","26–35 años","Masculino","Quevedo ","De 2 a 5 años","3 o más","Buena","Rara vez","Importante","Gestión de citas","Muy útil","Neutral","La falta de sinceridad de algunos propietarios ","Gestión de recetas con copias guardadas en la nube  y calendario de citas","Organización de ideas ","Ninguno"
"2026-07-27 15:41:18.000000",0,"Sí, acepto participar.","Médico veterinario(a)","18–25 años","Femenino","Quevedo ","Menos de 1 años","3 o más","Buena","Algunas veces","Importante","Facturación","Muy útil","De acuerdo","Un registro lento de pacientes ","Recordatorios a los tutores de los pacientes para que contienen con los tratamientos en casa, control de vacunas, desparasitación ","Gestión más rápida ","Ninguno"
"2026-07-27 17:35:08.000000",0,"Sí, acepto participar.","Administrador(a) de clínica veterinaria","18–25 años","Masculino","El empalme ","Menos de 1 años","2","Regular","Algunas veces","Poco importante","Historial clínico","Útil","De acuerdo","Poco atención ","Sala de espera ","Mas publicidad ","Mejor sistema "
"2026-07-27 19:42:46.000000",0,"Sí, acepto participar.","Dueño(a) de mascota","18–25 años","Femenino","El empalme ","No aplica","No aplica","Buena","Rara vez","Importante","Comunicación con los dueños de mascotas","Útil","De acuerdo","No hay comunicación con el dueño de la mascota, puede ser. ","Atención al cliente ","Para poder mejorar sus recursos ","No lo sé "
"2026-07-27 20:34:57.000000",0,"Sí, acepto participar.","Dueño(a) de mascota","18–25 años","Masculino","El Empalme ","Menos de 1 años","1","Regular","Algunas veces","Importante","Inventario de medicamentos","Útil","De acuerdo","Falta de conocimiento en algunos aspectos ","Asesoramiento ","Mayor facilidad en el sistema de control ","Se puede tener un mayor asesoramiento en medicamentos adecuados "
"2026-07-27 22:19:29.000000",0,"Sí, acepto participar.","Médico veterinario(a)","18–25 años","Masculino","Quevedo ","Menos de 1 años","1","Regular","Algunas veces","Importante","Inventario de medicamentos","Neutral","De acuerdo","La falta de empatía ","Buena atención ","Ayudaría a mejorar el servicio ","No"
"2026-07-27 23:19:40.000000",0,"Sí, acepto participar.","Auxiliar o técnico veterinario","26–35 años","Masculino","El empalme ","De 2 a 5 años","No aplica","Regular","Algunas veces","Neutral","Historial clínico","Útil","Neutral","Al momento de registrar los datos de las mascotas ","Un sistema de notificaciones ","Mejor gestión ","No"
"2026-07-28 10:11:17.000000",0,"Sí, acepto participar.","Médico veterinario(a)","26–35 años","Femenino","Quevedo","De 6 a 10 años","2","Regular","Rara vez","Importante","Comunicación con los dueños de mascotas","Muy útil","Neutral","Servicio al cliente","Que sea automático","Rapidez en la farmacia ","No"
"2026-07-28 10:28:14.000000",0,"Sí, acepto participar.","Auxiliar o técnico veterinario","36–45 años","Masculino","Guayaquil ","De 2 a 5 años","1","Regular","Algunas veces","Muy importante","Comunicación con los dueños de mascotas","Muy útil","Totalmente de acuerdo","La atención de usuario con el profesional ","Empatia","Mucho ","No"
"2026-07-28 12:00:51.000000",0,"Sí, acepto participar.","Médico veterinario(a)","26–35 años","Femenino","El Empalme ","Menos de 1 años","3 o más","Muy buena","Frecuentemente","Importante","Comunicación con los dueños de mascotas","Muy útil","Neutral","Mala atención","Que me notifique la fecha de vacunación de la mascota","Facilidad al recibir información de la mascota ","No"
"2026-08-02 11:33:33.000000",0,"Sí, acepto participar.","Médico veterinario(a)","18–25 años","Masculino","Quevedo","De 2 a 5 años","2","Regular","Frecuentemente","Importante","Gestión de citas","Útil","Totalmente en desacuerdo"," desequilibrio entre la alta carga operativa y la falta de visión empresarial","la privacidad de los datos, la precisión diagnóstica asistida y la integración fluida en el flujo de trabajo diario","historial clínico electrónico, gestión de citas con recordatorios automáticos","la privacidad de los datos, la precisión diagnóstica asistida y la integración fluida en el flujo de trabajo diario"
"2026-08-02 12:00:37.000000",0,"Sí, acepto participar.","Dueño(a) de mascota","36–45 años","Masculino","EL EMPALME ","No aplica","3 o más","Muy mala","Frecuentemente","Importante","Comunicación con los dueños de mascotas","Muy útil","Totalmente de acuerdo","LA INFORMACIÓN HACIA LOS DUEÑOS DE MASCOTAS ","INFORMACIÓN Y ATENCION MEDIANTE CITAS O CONSULTAS ","Aporta con información relevante acerca de posibles diagnósticosproblemas medicos con los mascotas, citas a usuarios e información a la comunidad ","Socializar con la comunidad acerca de prevención de enfermedades recurrentes, desparasitación, vacunación y tratamiento que beneficie a las mascotas para que estén saludables "
"2026-08-02 12:14:36.000000",0,"Sí, acepto participar.","Auxiliar o técnico veterinario","18–25 años","Femenino","Cuenca ","De 2 a 5 años","No aplica","Buena","Algunas veces","Poco importante","Comunicación con los dueños de mascotas","Útil","Totalmente en desacuerdo","El tiempo o la mala comunicación con los dueños de las mascotas","Un recordatorio para los horarios o vacunas ","Podría ayudar pero sigo negada a utilizar ","Que pongan un recordatorio para las vacunas"
"2026-08-02 13:32:42.000000",0,"Sí, acepto participar.","Auxiliar o técnico veterinario","26–35 años","Masculino","Quevedo ","Menos de 1 años","No aplica","Regular","Algunas veces","Importante","Inventario de medicamentos","Útil","Neutral","La desorganización por muchos documentos sin tener un registro en la nube ","Un sistema con alarma de vacunas de mi mascota ","Mejor control administrativo ","No"
"2026-08-02 13:36:54.000000",0,"Sí, acepto participar.","Dueño(a) de mascota","18–25 años","Femenino","El empalme ","No aplica","2","Mala","Algunas veces","Neutral","Comunicación con los dueños de mascotas","Muy útil","De acuerdo","El registro de mi mascota ","Alarma que me avise de mi control de mascotas ","Mucho ","No"
"2026-08-02 13:43:35.000000",0,"Sí, acepto participar.","Médico veterinario(a)","36–45 años","Masculino","Quevedo ","De 2 a 5 años","No aplica","Regular","Algunas veces","Importante","Historial clínico","Muy útil","Neutral","Al momento de registrar la mascota ya que lo hacemos de manera manual ","Búsqueda mascotas y aparezca todo sobre esta como control, próxima citas y historia médico ","La verdad lo considero neutral ni muy mala porque puede ser para sugerir o dar recomendaciones pero no para que de diagnostico finales ","Que tenga un diseño fácil de entender "
"2026-08-02 13:46:11.000000",0,"Sí, acepto participar.","Dueño(a) de mascota","26–35 años","Masculino","Quevedo ","No aplica","1","Mala","Rara vez","Neutral","Comunicación con los dueños de mascotas","Útil","Neutral","El registro de mi mascota ","Alarma de próxima citas ","Bueno nosé no es mi área ","No "
"2026-08-02 13:57:30.000000",0,"Sí, acepto participar.","Auxiliar o técnico veterinario","26–35 años","Masculino","Manta","Menos de 1 años","2","Muy mala","Rara vez","Muy importante","Inventario de medicamentos","Útil","Totalmente de acuerdo","Inventario de medicamentos ","Mejor optimización ","Agilidad ","Que sea muy fácil de usar "
"2026-08-02 14:46:29.000000",0,"Sí, acepto participar.","Dueño(a) de mascota","26–35 años","Masculino","Velasco Ibarra ","No aplica","1","Buena","Rara vez","Muy importante","Historial clínico","Muy útil","Totalmente de acuerdo","Un mal historial clínico ","Historial clínico, historial de patologías, epidemiólogia, fármacos disponibles en la localidad ","Mayor agilidad en la atención ","Na "
"2026-08-02 16:42:01.000000",0,"Sí, acepto participar.","Dueño(a) de mascota","18–25 años","Femenino","El empalme ","De 2 a 5 años","3 o más","Buena","Algunas veces","Importante","Historial clínico","Útil","De acuerdo","Cuidado en animales ","Mejor trato","Mejor atención ","No"
"2026-08-02 16:42:15.000000",0,"Sí, acepto participar.","Dueño(a) de mascota","18–25 años","Femenino","El Empalme","De 2 a 5 años","2","Buena","Frecuentemente","Importante","Facturación","Neutral","Neutral","La atencion al cliente ","Que sea mas tecnologíco ","En muchos habitos con el las sugerencias a medicinas","Que sea facil de usar"
"2026-08-02 16:49:58.000000",0,"Sí, acepto participar.","Dueño(a) de mascota","18–25 años","Masculino","Manta","Menos de 1 años","1","Regular","Algunas veces","Neutral","Inventario de medicamentos","Neutral","Neutral","La gente que no tienen atención al cliente adecuada ","Una interfaz bastante intuitiva ","Facilitaría varias cosas ","No"
"2026-08-02 16:50:49.000000",0,"Sí, acepto participar.","Dueño(a) de mascota","36–45 años","Femenino","El Empalme ","No aplica","2","Buena","Algunas veces","Importante","Comunicación con los dueños de mascotas","Útil","Totalmente en desacuerdo","Q no hay muchas clínicas de mascotas ","Q haya un buen inventario para mejorar ","Ningún beneficio ","No ninguno "
"2026-08-02 16:50:50.000000",0,"Sí, acepto participar.","Dueño(a) de mascota","18–25 años","Femenino","El Empalme ","No aplica","2","Regular","Rara vez","Importante","Inventario de medicamentos","Muy útil","Neutral","El mal servicio hacia el cliente ","Agenda, historial clínico e inventario","Optimización y mejor atención.","Automatización administrativa con supervisión humana."
"2026-08-02 17:16:30.000000",0,"Sí, acepto participar.","Dueño(a) de mascota","26–35 años","Masculino","Quevedo","No aplica","3 o más","Mala","Algunas veces","Neutral","Comunicación con los dueños de mascotas","Poco útil","En desacuerdo","La información de los pacientes está dispersa y se pierde tiempo buscando historiales.","Historial clínico digital, agenda de citas y recordatorios automáticos.","Agilizaría los diagnósticos y reduciría errores administrativos.","Que sea fácil de usar y funcione desde el celular."
"2026-08-02 17:18:06.000000",0,"Sí, acepto participar.","Auxiliar o técnico veterinario","26–35 años","Femenino","QUEVEDO ","De 2 a 5 años","No aplica","Regular","Algunas veces","Importante","Gestión de citas","Útil","De acuerdo","La organización de las citas y la comunicación con los dueños de las mascotas.","Historial clínico digital, agenda de citas y recordatorios automáticos.","Confirmación automática de citas, notificaciones por WhatsApp y registro de vacunas.","Que sea fácil de usar y funcione desde el celular."
"2026-08-02 17:19:21.000000",0,"Sí, acepto participar.","Médico veterinario(a)","26–35 años","Femenino","Quevedo ","De 2 a 5 años","2","Regular","Frecuentemente","Importante","Inventario de medicamentos","Neutral","Neutral","El control del inventario de medicamentos suele hacerse manualmente.","Inventario con alertas de stock bajo y control de vencimientos.","Evitaría pérdidas de medicamentos y mejoraría la gestión de compras.","Incluir copias de seguridad automáticas de la información."
"2026-08-02 17:20:50.000000",0,"Sí, acepto participar.","Dueño(a) de mascota","18–25 años","Femenino","El Empalme","No aplica","2","Regular","Frecuentemente","Neutral","Gestión de citas","Útil","De acuerdo","La demora en registrar la información durante la consulta.","Registro rápido de consultas, búsqueda de pacientes y emisión de recetas.","Ahorraría tiempo y permitiría brindar una atención más eficiente.","Que el sistema pueda utilizarse incluso con conexiones lentas a Internet."
"2026-08-02 19:45:17.000000",0,"Sí, acepto participar.","Dueño(a) de mascota","36–45 años","Masculino","El Empalme","De 2 a 5 años","1","Muy buena","Nunca","Muy importante","Gestión de citas","Muy útil","Totalmente en desacuerdo","No a tenido","Expresion ","Ninguno","Ni guna"
"2026-09-18 21:48:11.000000",0,"Sí, acepto participar.","Dueño(a) de mascota","18–25 años","Femenino","Guayaquil ","No aplica","3 o más","Buena","Algunas veces","Importante","Gestión de citas","Muy útil","Totalmente de acuerdo","El precio, la gestión de citas","Una IA que pueda realizar esas tareas","Mejor organización ","Ninguna la verdad "
"2026-09-18 21:51:23.000000",0,"Sí, acepto participar.","Dueño(a) de mascota","18–25 años","Masculino","Guayaquil","No aplica","3 o más","Buena","Frecuentemente","Muy importante","Facturación","Muy útil","Totalmente de acuerdo","La gestión de citas","Una IA integrada","Muchos beneficios, mejor organización ","Ninguna sinceramente, solo que funcione de manera correcta e intuitiva"
"2026-09-18 21:54:12.000000",0,"Sí, acepto participar.","Dueño(a) de mascota","36–45 años","Femenino","Guayaquil","Menos de 1 años","3 o más","Buena","Algunas veces","Importante","Comunicación con los dueños de mascotas","Útil","De acuerdo","Costos","Que se sea de fácil usar","Mejorando el almacenamiento de datos","No"
"2026-09-19 08:51:36.000000",0,"Sí, acepto participar.","Auxiliar o técnico veterinario","18–25 años","Masculino","Guayaquil","Menos de 1 años","2","Buena","Rara vez","Neutral","Comunicación con los dueños de mascotas","Muy útil","Totalmente de acuerdo","Neutral","Neutral","Neutral ","Neutral "
"2026-09-19 08:51:55.000000",0,"Sí, acepto participar.","Dueño(a) de mascota","18–25 años","Masculino","Quito ","No aplica","2","Buena","Rara vez","Importante","Comunicación con los dueños de mascotas","Útil","En desacuerdo","El espacio ","Más espacio para atender ","Ninguno ","No "
"2026-09-19 08:53:56.000000",0,"Sí, acepto participar.","Dueño(a) de mascota","18–25 años","Masculino","Guayaquil","No aplica","1","Regular","Rara vez","Muy importante","Historial clínico","Muy útil","De acuerdo","Sobre el historial clínico ","Alguna aplicación o página que envie recordatorios ","Muchos la verdad ","Por ahora no "
"2026-09-19 09:07:45.000000",0,"Sí, acepto participar.","Auxiliar o técnico veterinario","18–25 años","Masculino","La Libertad","De 2 a 5 años","3 o más","Regular","Algunas veces","Importante","Historial clínico","Útil","Totalmente de acuerdo","El problema en lo que engloba tanto la gestión de citas regulares,como el historial de una mascota previamente registrada,lo que lleva a un mal seguimiento del cuidado de la misma.","Recordatorio de citas al ponerse en contacto con los clientes,administrar y agendar dichas citas,asi como una revisión total y registro a seguir del historial del animal al ingresarlo al sistema.","Mejores resultados en satisfacción al cliente,mayor comodidad tanto para los usuarios como los organizadores a cargo de la inspección de esa plataforma,asi como una innovación necesaria en esta era de la tecnología asistida con IA.","Funcion para programar y también reprogramar citas y almacenamiento de información."
"2026-09-19 09:11:34.000000",0,"Sí, acepto participar.","Auxiliar o técnico veterinario","18–25 años","Masculino","Cuenca ","De 2 a 5 años","2","Muy buena","Frecuentemente","Importante","Facturación","Útil","De acuerdo","La atención ","Mejor atención ","Mas curas ","Ayuden mas a"
"2026-09-19 09:11:58.000000",0,"Sí, acepto participar.","Médico veterinario(a)","36–45 años","Masculino","Guayaquil","De 2 a 5 años","No aplica","Buena","Algunas veces","Muy importante","Inventario de medicamentos","Muy útil","De acuerdo","El inventario de Medicamentos si una veterinaria es muy grande ","Que llevarán un inventario ","Bastantes ","Ninguno "
"2026-09-19 09:19:36.000000",0,"Sí, acepto participar.","Auxiliar o técnico veterinario","26–35 años","Masculino","Quinsaloma ","Menos de 1 años","1","Regular","Rara vez","Nada importante","Historial clínico","Neutral","Totalmente de acuerdo","La rapidez para cada turno y la inexistencia de equipos para el uso veterinario","Eficiencia en la base de datos","Mayor eficacia en todo lo relacionado a turnos y facilita la toma de desiciones y atención al cliente ","No tengo ninguna sugerencia "
"2026-09-19 09:22:41.000000",0,"Sí, acepto participar.","Auxiliar o técnico veterinario","36–45 años","Femenino","Quinsaloma ","De 2 a 5 años","No aplica","Buena","Nunca","Nada importante","Gestión de citas","Útil","En desacuerdo","La sobre espera ","Rapidez de datos.","Mejores resultados ","Que sus pantallas sean usables y sencillas "
"2026-09-19 09:24:13.000000",0,"Sí, acepto participar.","Auxiliar o técnico veterinario","26–35 años","Masculino","La mana ","De 2 a 5 años","No aplica","Buena","Rara vez","Muy importante","Inventario de medicamentos","Útil","En desacuerdo","No hay problemas ","Sería un poco de espacio ","No creo ","Informativa "
"2026-09-19 09:24:29.000000",0,"Sí, acepto participar.","Médico veterinario(a)","26–35 años","Femenino","Quevedo","De 6 a 10 años","No aplica","Regular","Algunas veces","Importante","Comunicación con los dueños de mascotas","Muy útil","De acuerdo","La mala gestión de tiempo","Que procese rápido las informaciones","Atender mucho más eficazmente ","No "
"2026-09-19 09:27:12.000000",0,"Sí, acepto participar.","Auxiliar o técnico veterinario","18–25 años","Masculino","La Libertad ","De 2 a 5 años","2","Buena","Algunas veces","Importante","Facturación","Útil","De acuerdo","La falta de medicamentos y la poca gestión en algunas clinicas ","Una buena explicación y atención sobre las diferentes especialidades y atenciones que dan en las clinicas","Una rapida gestión, automatizada y efectiva","No tengo"
"2026-09-19 09:34:29.000000",0,"Sí, acepto participar.","Auxiliar o técnico veterinario","18–25 años","Masculino","Moraspungo","Menos de 1 años","2","Regular","Rara vez","Importante","Comunicación con los dueños de mascotas","Útil","Neutral","Comunicación con los dueños ","Mejor atención ","Mejoraría la atención ","Que el sistema sea sencillo de usar "
"2026-09-19 09:36:38.000000",0,"Sí, acepto participar.","Médico veterinario(a)","18–25 años","Masculino","Quevedo","De 2 a 5 años","No aplica","Mala","Frecuentemente","Muy importante","Gestión de citas","Muy útil","Totalmente de acuerdo","La mala gestión de Citas","Recordatorio automático ","Evitaría problemas al momento de esperar una cita ","No "
"2026-09-19 09:44:57.000000",0,"Sí, acepto participar.","Médico veterinario(a)","26–35 años","Masculino","Guayaquil ","De 2 a 5 años","No aplica","Buena","Algunas veces","Importante","Comunicación con los dueños de mascotas","Muy útil","De acuerdo","Poca comunicación ","Un asistente virtual que informe todo","Ayudaría a tener un mejor control","Háganlo "
"2026-09-19 09:47:35.000000",0,"Sí, acepto participar.","Médico veterinario(a)","26–35 años","Masculino","Quevedo","De 2 a 5 años","No aplica","Regular","Frecuentemente","Importante","Historial clínico","Muy útil","Totalmente de acuerdo","Hay que hacer las cosas manual","Modulo de gestion de citas","Mas optimizacion en el trabajo","Ninguna"
"2026-09-19 09:49:52.000000",0,"Sí, acepto participar.","Médico veterinario(a)","36–45 años","Masculino","El Empalme","De 2 a 5 años","No aplica","Muy buena","Siempre","Muy importante","Inventario de medicamentos","Muy útil","Totalmente de acuerdo","Perdida de datos de clientes","Modulo de gestion de clientes","No tendriamos perdida de datos","Ninguna"
"2026-09-19 09:52:21.000000",0,"Sí, acepto participar.","Médico veterinario(a)","46–55 años","Masculino","El empalme ","De 6 a 10 años","No aplica","Muy mala","Siempre","Muy importante","Gestión de citas","Muy útil","Totalmente de acuerdo","Citas que pueden darse a la misma hora","Un modulo de gestion de citas","Mayor optimización ","Ninguna"
"2026-09-19 10:15:44.000000",0,"Sí, acepto participar.","Médico veterinario(a)","26–35 años","Masculino","El empalme","De 2 a 5 años","No aplica","Regular","Algunas veces","Importante","Gestión de citas","Útil","De acuerdo","Gestión ineficiente de citas","Acceso rápido y seguro a las fichas de los pacientes","Optimización del tiempo en diagnósticos preliminares","Sugiero que la interfaz sea intuitiva y rápida de usar"
"2026-09-19 10:18:04.000000",0,"Sí, acepto participar.","Auxiliar o técnico veterinario","18–25 años","Masculino","Quito ","No aplica","1","Buena","Rara vez","Muy importante","Inventario de medicamentos","Útil","Totalmente de acuerdo","Que aveces ponen la dosis incorrecta ","Que hagan exposiciones ","Nos va a beneficiar mucho en la sociedad ","Que hayan canales explicando más sobre eso"
"2026-09-19 10:21:39.000000",0,"Sí, acepto participar.","Auxiliar o técnico veterinario","18–25 años","Femenino","Quito ","Menos de 1 años","1","Buena","Rara vez","Muy importante","Comunicación con los dueños de mascotas","Muy útil","Neutral","La falta de comunicación ","Funciones de notificar citas previas ","Muchos beneficios ","Ninguna "
"2026-09-19 10:23:36.000000",0,"Sí, acepto participar.","Dueño(a) de mascota","18–25 años","Femenino","Él Empalme ","No aplica","1","Buena","Rara vez","Importante","Comunicación con los dueños de mascotas","Muy útil","De acuerdo","Opción 1 (Enfoque en tiempo y organización): La falta de centralización de la información y la carga administrativa. Los veterinarios suelen perder mucho tiempo rellenando historiales clínicos manualmente, gestionando citas o controlando el inventario, lo que reduce el tiempo de calidad disponible para atender a los pacientes.","Agenda médica inteligente: Sincronización automática de citas en tiempo real con recordatorios automatizados por WhatsApp o correo electrónico para los clientes.","Diagnósticos preliminares y triaje: Ayuda en la interpretación rápida de análisis clínicos o imágenes, sirviendo como una segunda opinión valiosa para el veterinario.","Interfaz intuitiva y ágil: El entorno veterinario es rápido y estresante; la plataforma debe requerir la menor cantidad de clics posibles para registrar información."
"2026-09-19 10:57:19.000000",0,"Sí, acepto participar.","Médico veterinario(a)","18–25 años","Femenino","Quito","Menos de 1 años","3 o más","Regular","Rara vez","Neutral","Comunicación con los dueños de mascotas","Neutral","De acuerdo","Ninguna ","Ninguna ","Ninguna","Ninguna "
"2026-09-19 11:03:35.000000",0,"Sí, acepto participar.","Auxiliar o técnico veterinario","18–25 años","Femenino","Quito","De 2 a 5 años","2","Buena","Algunas veces","Muy importante","Comunicación con los dueños de mascotas","Muy útil","Totalmente de acuerdo","Cosas anticuadas","Datos sobre la mascota y condicion","Mucha mas rapidez y mejoria en atencion al cliente","Poner el modelo del animal su peso datos etc "
"2026-09-19 11:04:02.000000",0,"Sí, acepto participar.","Auxiliar o técnico veterinario","18–25 años","Masculino","Moraspungo-Cotopaxi ","No aplica","1","Regular","Algunas veces","Neutral","Historial clínico","Neutral","Totalmente de acuerdo","No cumplen con su horario como lo saben decir ","Más responsabilidad ","Poco probable ","Bastante uso "
"2026-09-19 11:08:26.000000",0,"Sí, acepto participar.","Auxiliar o técnico veterinario","18–25 años","Masculino","Moraspungo ","Menos de 1 años","1","Buena","Rara vez","Neutral","Inventario de medicamentos","Muy útil","Neutral","La atención ","El tiempo ","Servicios","No"
"2026-09-19 11:09:51.000000",0,"Sí, acepto participar.","Auxiliar o técnico veterinario","26–35 años","Femenino","Quevedo","De 6 a 10 años","2","Regular","Algunas veces","Neutral","Inventario de medicamentos","Muy útil","Totalmente de acuerdo","Falta de atencion organizada","Recordatorios , datos del animal","Muchos","Ser mas modernos"
"2026-09-19 11:46:43.000000",0,"Sí, acepto participar.","Médico veterinario(a)","18–25 años","Femenino","Quevedo","No aplica","1","Mala","Algunas veces","Poco importante","Inventario de medicamentos","Útil","Neutral","La atencion ","Empatía, mas insumos, mejor atencion ","Puede que sea un avance bueno, ayudaría mucho a la clínica, en el orden, el buen manejo de tiempo, mejores resultados e ideas ","No "
"2026-09-19 11:47:40.000000",0,"Sí, acepto participar.","Médico veterinario(a)","26–35 años","Masculino","Guayaquil ","De 2 a 5 años","No aplica","Buena","Rara vez","Importante","Gestión de citas","Muy útil","Totalmente de acuerdo","Mala gestión de citas ","Mejorar la gestión de citas ","Mejorar la atención ","No "
"2026-09-19 11:53:14.000000",0,"Sí, acepto participar.","Administrador(a) de clínica veterinaria","18–25 años","Masculino","Guaranda","De 2 a 5 años","2","Buena","Rara vez","Importante","Gestión de citas","Muy útil","De acuerdo","A veces no se sabe qué alimentos ingirieren las mascotas de nuestros clientes y ahí se presenta un gran inconveniente","No sé","No se","No"
"2026-09-19 12:09:52.000000",0,"Sí, acepto participar.","Auxiliar o técnico veterinario","18–25 años","Masculino","Quevedo","De 2 a 5 años","2","Regular","Algunas veces","Muy importante","Historial clínico","Neutral","De acuerdo","La estandarización de programas de atención.","Sistema más mecanizado con atención registrada en bases de datos para dar seguimiento a las problemáticas.","Mejor organización y manejo de la información.","Que la información que se ingrese sea verificada y tenga un responsable que dé garantía de aquello."
"2026-09-19 13:00:24.000000",0,"Sí, acepto participar.","Médico veterinario(a)","26–35 años","Masculino","Quevedo ","De 2 a 5 años","3 o más","Muy buena","Siempre","Muy importante","Facturación","Muy útil","Totalmente de acuerdo","Los precios ","Los precios ","Buena porque es un apoyo pero la mayoría es del veterinario obviamente.","No"
"2026-09-19 13:05:15.000000",0,"Sí, acepto participar.","Médico veterinario(a)","26–35 años","Masculino","Quevedo ","De 2 a 5 años","No aplica","Regular","Rara vez","Importante","Gestión de citas","Muy útil","Totalmente de acuerdo","El desequilibrio de la cargos administrativos de la clínica ","Una mejor gestión médica a través de un Historial Clínico Electrónico (HCE)","En mi opinión, automatizar tareas que suelen ser muy petitivas. ","Es un sistema bastante beneficioso que puede llegar a ayudar a los profesionales, disminuyendo quizás como 2-3 horas de trabajo restados gracias a este sistema que colabora en los cargos administrativos de la clínica."
"2026-09-19 13:06:24.000000",0,"Sí, acepto participar.","Dueño(a) de mascota","18–25 años","Femenino","El empalme ","De 2 a 5 años","2","Buena","Algunas veces","Importante","Comunicación con los dueños de mascotas","Muy útil","De acuerdo","El tiempo de espera","La atención ","La atención ","Ninguno"
"2026-09-19 13:09:47.000000",0,"Sí, acepto participar.","Médico veterinario(a)","26–35 años","Masculino","Quevedo ","De 2 a 5 años","2","Buena","Frecuentemente","Neutral","Historial clínico","Útil","De acuerdo","Ninguna ","Están bien ","Muchos ","Ninguna "
"2026-09-19 13:18:27.000000",0,"Sí, acepto participar.","Dueño(a) de mascota","18–25 años","Femenino","El Empalme ","Menos de 1 años","1","Regular","Algunas veces","Neutral","Inventario de medicamentos","Útil","Neutral","La falta de organización en los pacientes ","Tener medicamentos siguientes en las clínicas veterinarias","Para sugerir","Cuidarte de sus mascotas "
"2026-09-19 13:27:07.000000",0,"Sí, acepto participar.","Médico veterinario(a)","26–35 años","Femenino","Quevedo ","De 2 a 5 años","No aplica","Regular","Algunas veces","Importante","Historial clínico","Muy útil","Neutral","La falta de organización en historias clínicas y citas, todo se hace manual y se pierde tiempo","Que tenga historial clínico de mascotas, agenda de citas, recordatorio automático por WhatsApp, control de inventario y facturación.","Agiliza la atención, reduce errores, organiza mejor a los pacientes y ayuda a dar diagnósticos más rápidos con la IA.","Que sea fácil de usar, funcione en el celular, sea rápido y que proteja bien los datos de los clientes y mascotas."
"2026-09-19 13:46:00.000000",0,"Sí, acepto participar.","Dueño(a) de mascota","36–45 años","Femenino","El Empalme ","De 2 a 5 años","2","Muy buena","Rara vez","Muy importante","Comunicación con los dueños de mascotas","Muy útil","Totalmente de acuerdo","Nada","Una aplicación donde me lleguen notificaciones de las citas","Muy bueno","Ninguna"
"2026-09-19 13:59:23.000000",0,"Sí, acepto participar.","Dueño(a) de mascota","18–25 años","Femenino","Quevedo ","De 2 a 5 años","1","Regular","Algunas veces","Muy importante","Gestión de citas","Útil","Totalmente de acuerdo","Todo se realiza de forma manual y tiende a perderse la información ","Solicitar mis citas y ver la disponibilidad de horarios","Mucho beneficio al negocio ","Prestar atención a todos los comentarios y problemas de los usuarios potenciales"
"2026-09-19 14:00:54.000000",0,"Sí, acepto participar.","Dueño(a) de mascota","18–25 años","Femenino","Las naves","Menos de 1 años","1","Regular","Frecuentemente","Muy importante","Gestión de citas","Poco útil","Neutral","Atención a cliente ","Recursos digitales ","Eficiencia y automatización de procesos administrativos ","No"
"2026-09-19 14:02:43.000000",0,"Sí, acepto participar.","Dueño(a) de mascota","18–25 años","Femenino","Quito","No aplica","3 o más","Buena","Algunas veces","Importante","Historial clínico","Muy útil","Totalmente de acuerdo","Pocas citas ","Recordarme fechas de vacunas ","Mejor organización ","Mejor organización "
"2026-09-19 14:05:01.000000",0,"Sí, acepto participar.","Dueño(a) de mascota","18–25 años","Femenino","El empalme","No aplica","2","Regular","Frecuentemente","Poco importante","Comunicación con los dueños de mascotas","Muy útil","Neutral","Poca información al momento de internar a la mascota","Sistema para mascotas ","Mayor eficacia ","No"
"2026-09-19 14:08:28.000000",0,"Sí, acepto participar.","Dueño(a) de mascota","18–25 años","Femenino","Santa Elena","No aplica","1","Regular","Rara vez","Importante","Inventario de medicamentos","Muy útil","Totalmente de acuerdo","No llevan un control de atención a las mascotas","Que sea con rapidez ","Grandes beneficios","No"
"2026-09-19 14:13:21.000000",0,"Sí, acepto participar.","Dueño(a) de mascota","18–25 años","Masculino","El Empalme","No aplica","3 o más","Muy buena","Algunas veces","Importante","Comunicación con los dueños de mascotas","Muy útil","Neutral","Que aveces están muy atareados por la demanda ","Capacitar o contratar a más personas para una mayor calidad de atención ","Soluciones y ayuda ","Ninguna "
"2026-09-19 14:13:33.000000",0,"Sí, acepto participar.","Dueño(a) de mascota","18–25 años","Masculino","Portobiejo","Menos de 1 años","3 o más","Buena","Nunca","Muy importante","Inventario de medicamentos","Útil","De acuerdo","El acceso","Atención al cliente ","Mejora en el tiempo de atención ","No"
"2026-09-19 14:14:22.000000",0,"Sí, acepto participar.","Dueño(a) de mascota","18–25 años","Masculino","Salinas","No aplica","1","Regular","Algunas veces","Importante","Gestión de citas","Útil","Neutral","El desconocimiento de medicinas en algunas clinicas","Rapido proceso de información ","Velocidad de proceso","No"
"2026-09-19 14:14:34.000000",0,"Sí, acepto participar.","Dueño(a) de mascota","18–25 años","Femenino","El Empalme ","Menos de 1 años","1","Muy mala","Rara vez","Importante","Gestión de citas","Muy útil","Neutral","La desorganización en citas y la tardanza en atender a los pacientes","Recordatorios automáticos de citas y control de historias clínicas","Mayor rapidez, orden y mejor atención a los clientes","Que el sistema sea fácil de usar y muy intuitivo"
"2026-09-19 14:15:41.000000",0,"Sí, acepto participar.","Auxiliar o técnico veterinario","18–25 años","Masculino","Guayaquil ","Menos de 1 años","1","Regular","Rara vez","Neutral","Historial clínico","Neutral","Neutral","la atención y el historial clínico ","Mejor manejo de organización ","Organizar mejor ","Que es necesario implementar para la organización de medicamentos y muchas cosas mas "
"2026-09-19 14:17:24.000000",0,"Sí, acepto participar.","Auxiliar o técnico veterinario","18–25 años","Femenino","Quinsaloma","Menos de 1 años","1","Regular","Algunas veces","Neutral","Historial clínico","Neutral","Neutral","Más importancia a los pequeños detalles ","Mayor atención ","Empatía ","No"
"2026-09-19 14:18:34.000000",0,"Sí, acepto participar.","Dueño(a) de mascota","26–35 años","Femenino","Ambato ","No aplica","1","Regular","Algunas veces","Importante","Comunicación con los dueños de mascotas","Muy útil","En desacuerdo","No tener los conocimientos necesarios ","Tener un sistema para agendar citas y tener amplio conocimiento ","La gestión de tiempo ","No"
"2026-09-19 14:19:13.000000",0,"Sí, acepto participar.","Dueño(a) de mascota","18–25 años","Masculino","El empalme ","De 2 a 5 años","1","Muy buena","Frecuentemente","Importante","Inventario de medicamentos","Útil","Neutral","Debería ser más seguro para las mascota y respectivo día o mes ","Ehh tener muchas recetas y medicamentos ","Ehh puede ser ya q la IAEsta súper avanzada y claro podría ayudar ","Sii es bueno control para las mascotas "
"2026-09-19 14:21:31.000000",0,"Sí, acepto participar.","Dueño(a) de mascota","18–25 años","Masculino","Moraspungo ","Más de 10 años","3 o más","Buena","Frecuentemente","Neutral","Comunicación con los dueños de mascotas","Muy útil","De acuerdo","Gestión administrativa ","Incorporación de sistemas automatizados ","Eficiencia en la automatización de servicios administrativos ","No "
"2026-09-19 14:24:22.000000",0,"Sí, acepto participar.","Dueño(a) de mascota","18–25 años","Masculino","El empalme","No aplica","1","Regular","Algunas veces","Muy importante","Gestión de citas","Muy útil","Totalmente de acuerdo","no tener todo los remedios o medicamentos","tener una variedad de raza","una mayor presicion en el diagnostico para la mascota","No ninugna todo me parece bien"
"2026-09-19 14:25:29.000000",0,"Sí, acepto participar.","Dueño(a) de mascota","18–25 años","Femenino","Quevedo","Menos de 1 años","3 o más","Muy buena","Algunas veces","Muy importante","Facturación","Muy útil","Neutral","La facturación porque al momento de comprar algun producto no te dan una factura como tal ni tampoco existe algun historial clinico de la mascota ","Un sistema de facturación, tambien donde se registre el control clínico de la mascota, como un seguimiento","Seria de mucha ayuda porque podria colaborar con la organización ","Obligatoriamente el historial clinico "
"2026-09-19 14:26:41.000000",0,"Sí, acepto participar.","Dueño(a) de mascota","46–55 años","Femenino","El Empalme ","Menos de 1 años","1","Regular","Algunas veces","Importante","Comunicación con los dueños de mascotas","Útil","Neutral","La pérdida de expedientes médicos ","Agenda de citas en línea ","Mejorar la organización administrativa","Que sea fácil de usar"
"2026-09-19 14:27:43.000000",0,"Sí, acepto participar.","Dueño(a) de mascota","18–25 años","Prefiero no responder","El Empalme ","No aplica","2","Buena","Rara vez","Importante","Historial clínico","Muy útil","Neutral","La falta de organización en la atención y gestión de citas.","Que permita agendar citas, llevar el historial de las mascotas y gestionar pagos.","Agilizaría la atención, organizaría la información y reduciría errores.","Que sea fácil de usar, rápido y accesible para todo el personal."
"2026-09-19 14:28:27.000000",0,"Sí, acepto participar.","Dueño(a) de mascota","18–25 años","Masculino","El empalme ","No aplica","3 o más","Regular","Algunas veces","Importante","Comunicación con los dueños de mascotas","Muy útil","Neutral","Que no existe una buena organización ","Que permita organizar las citas, llevar el historial de cada mascota, controlar los medicamentos y facilitar la atención de los pacientes.","Ayudaría a mejorar la organización, ahorrar tiempo, tener un mejor control de la información y facilitar la atención a los clientes y sus mascotas.","Que sea un sistema fácil de usar, organizado y que permita acceder rápidamente a la información de los pacientes y gestionar las citas de manera eficiente."
"2026-09-19 14:31:35.000000",0,"Sí, acepto participar.","Dueño(a) de mascota","18–25 años","Masculino","Cantón El Empalme provincia del Guayas ","De 2 a 5 años","3 o más","Regular","Algunas veces","Importante","Comunicación con los dueños de mascotas","Útil","De acuerdo","El uso de ventas caducadas","Tener todo lo necesario, hasta para poder operar","Nos beneficiaria muy bien, puede haber un caso nunca antes visto en una mascota, y nos vendría bien la inteligencia artificial ","No"
"2026-09-19 14:32:58.000000",0,"Sí, acepto participar.","Dueño(a) de mascota","18–25 años","Femenino","El Empalme ","Menos de 1 años","3 o más","Regular","Rara vez","Importante","Gestión de citas","Muy útil","De acuerdo","La dificultad para llevar un control adecuado de las citas, pacientes y tratamientos"," Que permita llevar el historial de cada mascota, registrar vacunas y tratamientos, enviar recordatorios","Podría facilitar el trabajo del personal, reducir errores en los registros y permitir una atención más rápida y organizada","Que el sistema sea fácil de usar, rápido y seguro, y que la inteligencia artificial sirva como apoyo al personal veterinario sin reemplazar la decisión del profesional"
"2026-09-19 14:33:29.000000",0,"Sí, acepto participar.","Dueño(a) de mascota","36–45 años","Femenino","Ls Maná ","No aplica","1","Buena","Rara vez","Importante","Inventario de medicamentos","Útil","Totalmente de acuerdo","Rapidez","Velocidad en los sistemas","Rapidez","No"
"2026-09-19 14:40:35.000000",0,"Sí, acepto participar.","Dueño(a) de mascota","18–25 años","Femenino","Empalme ","No aplica","3 o más","Buena","Algunas veces","Importante","Comunicación con los dueños de mascotas","Neutral","Neutral","La atención a la mascota ","Mejor atención ","No sé ","No"
"2026-09-19 14:42:46.000000",0,"Sí, acepto participar.","Dueño(a) de mascota","18–25 años","Masculino","manta","No aplica","2","Regular","Algunas veces","Importante","Gestión de citas","Muy útil","Totalmente de acuerdo","sus horarios, normalmente en la madrugada, es difícil conseguir veterinarias abiertas","Que todas las clínicas estén obligadas a trabajar 24/7","ayudaría a descubrir los síntomas de los animales más rápido","qué tuvieron un asistente para poder responder los mensajes de madrugada y que pueda inmediatamente llamar al veterinario a esas horas para que pueda atender a los clientes como especie de una alarma"
"2026-09-19 14:43:44.000000",0,"Sí, acepto participar.","Dueño(a) de mascota","18–25 años","Masculino","El empalme ","No aplica","3 o más","Regular","Algunas veces","Neutral","Inventario de medicamentos","Útil","Neutral","Que no tenga mucho inventario ","Más inventario ","Regula se podría mejorar algunas cosas","No"
"2026-09-19 14:43:44.000000",0,"Sí, acepto participar.","Dueño(a) de mascota","18–25 años","Masculino","Moraspungo ","Menos de 1 años","1","Buena","Rara vez","Neutral","Inventario de medicamentos","Muy útil","De acuerdo","Poco espacio en un citas ","Un espacio más amplio y con más trabajadores ","No lo sé ","No "
"2026-09-19 14:44:36.000000",0,"Sí, acepto participar.","Dueño(a) de mascota","18–25 años","Masculino","Esmeraldas","No aplica","3 o más","Regular","Algunas veces","Muy importante","Gestión de citas","Neutral","De acuerdo","El principal problema radica en la ausencia de digitalización y la dependencia de procesos manuales o fragmentados (como historias clínicas en papel o agendas físicas). En el contexto ecuatoriano, esto genera una deficiente trazabilidad en el seguimiento de los pacientes, pérdida constante de citas, descontrol en el inventario de insumos médicos y farmacéuticos, y cuellos de botella administrativos. Todo esto se traduce en tiempos de espera prolongados, menor fidelización de los clientes y un alto margen de error humano en la atención clínica y facturación.","Para que una plataforma sea verdaderamente útil y ágil, debería integrar las siguientes características clave: Historia clínica electrónica (HCE) centralizada: Con acceso rápido a antecedentes, diagnósticos, evolución, imágenes y recetas del paciente. Sistema de agendamiento inteligente y recordatorios automáticos: Envío de alertas vía WhatsApp o SMS para reducir las ausencias a consultas y vacunas.   Control de inventario en tiempo real: Alertas de stock bajo para medicamentos, vacunas y insumos críticos, evitando pérdidas por caducidad. Módulo financiero y de facturación adaptable: Capacidad de llevar un control claro de ingresos, egresos y reportes de caja diarios. Portal o historial accesible para el cliente: Una interfaz móvil o web donde los tutores puedan ver las próximas citas, carné de vacunación y recordatorios de sus mascotas.","Optimización del tiempo clínico: Automatización de la redacción de notas médicas mediante dictado de voz y resúmenes automáticos del historial del paciente. Soporte en la toma de decisiones clínicas: Herramientas de IA predictiva que sugieran alertas tempranas de posibles interacciones medicamentosas, diagnósticos diferenciales basados en síntomas o patrones de enfermedades frecuentes en la región. Fidelización y marketing personalizado: Análisis automático del comportamiento de los clientes para enviar campañas de prevención o alertas de chequeos geriátricos personalizadas en el momento exacto. Eficiencia operativa: Predicción de la demanda de insumos y optimización inteligente de los horarios de alta afluencia para organizar mejor al personal médico.","Es fundamental que el diseño del SGCV-IA priorice una interfaz sumamente intuitiva y de rápida adopción, ya que el personal médico y administrativo suele tener poco tiempo para curvas de aprendizaje complejas. Asimismo, debido a la infraestructura tecnológica y de conectividad en varias zonas del país, el sistema debe contar con un rendimiento óptimo en la nube y mecanismos de seguridad robustos para proteger la confidencialidad de los datos médicos y de los clientes. Finalmente, integrarse de manera fluida con normativas locales de facturación electrónica facilitaría enormemente la adopción masiva del software en el mercado ecuatoriano."
"2026-09-19 14:44:50.000000",0,"Sí, acepto participar.","Dueño(a) de mascota","18–25 años","Femenino","Guayaquil ","De 2 a 5 años","1","Regular","Algunas veces","Importante","Facturación","Muy útil","De acuerdo","No se presta atención ","Más experiencia ","Sería muy buena ya que sería más precisa la atención ","No"
"2026-09-19 14:48:16.000000",0,"Sí, acepto participar.","Dueño(a) de mascota","18–25 años","Femenino","Guayaquil ","Menos de 1 años","2","Regular","Algunas veces","Neutral","Inventario de medicamentos","Muy útil","Neutral","Medicamentos muy caros","Medicamentos accesibles ","Probablemente mas seguridad","Que solo sirva de leve apoyo y no sea totalmente la funte de un veterinario "
"2026-09-19 14:49:05.000000",0,"Sí, acepto participar.","Dueño(a) de mascota","18–25 años","Masculino","Moraspungo ","De 2 a 5 años","2","Buena","Frecuentemente","Importante","Facturación","Poco útil","De acuerdo","Que se demoran mucho","Mas personal ","Mas medicina ","No "
"2026-09-19 14:50:54.000000",0,"Sí, acepto participar.","Dueño(a) de mascota","18–25 años","Masculino","El empalme","No aplica","1","Regular","Rara vez","Neutral","Inventario de medicamentos","Neutral","Totalmente en desacuerdo","El tiempo","El tiempo","Mucho ","No"
"2026-09-19 14:51:46.000000",0,"Sí, acepto participar.","Dueño(a) de mascota","18–25 años","Masculino","Quevedo ","No aplica","2","Buena","Rara vez","Neutral","Historial clínico","Útil","Neutral","Ninguna ","Todo está muy bien ","Que los animales estén más sanos","No"
"2026-09-19 14:55:04.000000",0,"Sí, acepto participar.","Dueño(a) de mascota","18–25 años","Masculino","Guaranda ","De 2 a 5 años","2","Muy buena","Rara vez","Muy importante","Gestión de citas","Muy útil","De acuerdo","La puntualidad ","La hora de la cita ","Ayudaría a organizarse de una mejor manera ","No "
"2026-09-19 14:55:12.000000",0,"Sí, acepto participar.","Dueño(a) de mascota","18–25 años","Masculino","El Empalme","No aplica","1","Regular","Rara vez","Importante","Gestión de citas","Muy útil","De acuerdo","Agendar una cita","Poder agendar la cita sin necesidad de ir personalmente ","Poder tener respuestas detalladas de las dudas","No"
"2026-09-19 14:56:54.000000",0,"Sí, acepto participar.","Médico veterinario(a)","18–25 años","Masculino","Manta ","Menos de 1 años","1","Regular","Rara vez","Importante","Inventario de medicamentos","Neutral","Neutral","Cupos insuficientes","Mejora en la distribución de los cupos ","Mejora en la distribución de los cupos ","Ninguno "
"2026-09-19 14:57:55.000000",0,"Sí, acepto participar.","Dueño(a) de mascota","18–25 años","Femenino","El empalme","No aplica","2","Regular","Algunas veces","Importante","Inventario de medicamentos","Útil","Totalmente de acuerdo","Que no hay tanto personal","Más personal que puedan guiar o indicar","Mayor movilidad, mejor organización ","Umm no, no tengo sugerencia la verdad"
"2026-09-19 14:59:45.000000",0,"Sí, acepto participar.","Dueño(a) de mascota","18–25 años","Masculino","Quito","No aplica","No aplica","Muy buena","Siempre","Muy importante","Comunicación con los dueños de mascotas","Útil","Totalmente de acuerdo","Falta de interes onfatiga del auxiliar ","Velocidad","Automatización ","No"
"2026-09-19 15:03:58.000000",0,"Sí, acepto participar.","Dueño(a) de mascota","26–35 años","Femenino","Ambato ","No aplica","2","Regular","Algunas veces","Muy importante","Historial clínico","Muy útil","Totalmente en desacuerdo","La atención, a veces agendan a otros en el mismo horario ","Organización en el agendamiento de citas","Organización, historial clínico de mascotas en un sistema","Ninguno"
"2026-09-19 15:04:52.000000",0,"Sí, acepto participar.","Dueño(a) de mascota","18–25 años","Femenino","Velasco Ibarra ","No aplica","1","Regular","Rara vez","Neutral","Comunicación con los dueños de mascotas","Neutral","Neutral","Fatiga por compasión: Enfrentar casos de eutanasia, sufrimiento animal y el desgaste de dar malas noticias de forma constante.","Recordatorios y seguimiento automatizado: Envíos automáticos por WhatsApp, SMS o correo para citas, desparasitaciones, vacunas y controles posoperatorios.","Automatización de informes y altas médicas: Genera en segundos resúmenes comprensibles para el tutor sobre el estado de la mascota, cuidados posoperatorios y pautas de medicación a partir de las notas del expediente.","Sistema de Gestión para Clínicas Veterinarias con Inteligencia Artificial (SGCV-IA) tenga éxito en el mercado real y no se perciba solo como ""tecnología vistosa"", es crucial diseñar la plataforma pensando en las barreras operativas y de adopción que enfrenta el sector."
"2026-09-19 15:07:10.000000",0,"Sí, acepto participar.","Auxiliar o técnico veterinario","18–25 años","Masculino","El Empalme ","Menos de 1 años","3 o más","Regular","Frecuentemente","Importante","Comunicación con los dueños de mascotas","Muy útil","De acuerdo","Falta de medicamentos y comunicación  ","Mas ambiente laboral ","Mejorar la clínica ","No"
"2026-09-19 15:12:18.000000",0,"Sí, acepto participar.","Auxiliar o técnico veterinario","36–45 años","Femenino","El Empalme ","De 2 a 5 años","1","Regular","Rara vez","Neutral","Historial clínico","Muy útil","Totalmente de acuerdo","En ocasiones el valor elevado de la consulta ","El acceso más económico ","En lo personal la IA si ayuda para tener una organización y consulta a los pacientes para ir despejando dudas","Deben de implementar, ya que ayuda para despejar dudas a los pacientes"
"2026-09-19 15:12:59.000000",0,"Sí, acepto participar.","Dueño(a) de mascota","18–25 años","Femenino","Cantón El empalme ","No aplica","3 o más","Buena","Rara vez","Importante","Gestión de citas","Útil","Neutral","El principal problema es la falta de organización en las citas el historial de las mascotas y atención a los clientes. medicamentos y recordatorios para vacunas y consultas","El principal problema es la falta de organización en las citas, historiales de las  Me gustaría que tuviera agenda de citas, registro de mascotas e historiales médicos, control de medicamentos y recordatorios para vacunas y consultas","Ayudaría a ahorrar tiempo para organizar mejor la información y mejorar la atención a los cliente ","Que sea fácil de usar, rápido y seguro, y que ayude a organizar mejor la clínica."
"2026-09-19 15:27:09.000000",0,"Sí, acepto participar.","Dueño(a) de mascota","18–25 años","Masculino","Guayaquil ","No aplica","3 o más","Buena","Rara vez","Importante","Gestión de citas","Neutral","De acuerdo","falta de integración y automatización en el historial clínico, inventario y agendamiento de citas","Automatización de recordatorios de citas, inventario en tiempo real e historial médico en la nube.","Optimización del tiempo, diagnósticos más rápidos y reducción de errores administrativos y clínicos","Que sea una plataforma intuitiva, rápida y accesible desde dispositivos móviles"
"2026-09-19 15:28:30.000000",0,"Sí, acepto participar.","Auxiliar o técnico veterinario","18–25 años","Masculino","Guayas ","De 2 a 5 años","3 o más","Muy buena","Nunca","Muy importante","Inventario de medicamentos","Muy útil","Totalmente de acuerdo","Ningún problema ","Si quieres un sistema que realmente mejore la gestión y la atención, tiene que atacar los 3 dolores de toda veterinaria: perder tiempo, perder información y perder clientes.  Aquí tienes las funciones que más valor aportan, organizadas por prioridad:  *1. Gestión de Pacientes y Expediente Clínico (Lo más importante)* - Ficha completa por mascota: datos, foto, raza, alergias, peso/historial de peso. - Historial clínico con cronología: vacunas, desparasitaciones, cirugías, enfermedades previas. - Plantillas rápidas para consulta, para no escribir todo desde cero. - Recetas y certificados imprimibles con logo de la clínica. - Carga de archivos: radiografías, exámenes de laboratorio, fotos de evolución.  *2. Agenda y Atención al Cliente* - Agenda por veterinario y por sala, con recordatorio automático por WhatsApp. - Sala de espera virtual: ver quién está esperando, en consulta, por pagar. - Recordatorios automáticos: vacunas que vencen, desparasitación, citas de control. Esto solo ya retiene clientes. - Check-in rápido con QR o por nombre.  *3. Inventario y Punto de Venta* - Control de stock de medicinas, alimentos, accesorios con alerta de stock mínimo y fecha de caducidad. - Venta en mostrador integrada con la consulta (que lo que usas en consulta se descuente solo). - Código de barras y control de lotes.  *4. Finanzas y Administración* - Caja diaria, cuentas por cobrar/pagar. - Historial de deuda del cliente. - Reportes: servicios más rentables, veterinario con más consultas, ingresos por día/mes. - Facturación electrónica para Ecuador.  *5. Comunicación y Fidelización* - Integración con WhatsApp: enviar recordatorios, resultados de exámenes, ""Feliz cumpleaños a Firulais"". - Programa de clientes frecuentes o planes de salud mensuales. - Calificación post-consulta para saber cómo te fue.  *6. Funciones modernas que marcan la diferencia* - Portal para el dueño: que pueda ver desde su celular las vacunas y próximas citas de su mascota. - App móvil para el veterinario para atender emergencias fuera. - Sistema multi-sede si piensas crecer.  Si me dices en qué falla hoy tu clínica, te digo por dónde empezar. ¿Tu problema principal es el desorden de fichas, que la gente no regresa, que se pierde inventario o que se hace lento cobrar y agendar?  ¿Para qué tipo de clínica es? Pequeña de barrio, 24h con hospitalización, o más enfocada en estética y pet shop?","Un sistema normal te ordena. Un sistema con IA te hace ganar dinero y tiempo mientras duermes.  Estos son los beneficios reales que más impacto tienen:  *1. En la consulta: diagnósticos más rápidos y seguros* - IA que analiza síntomas + historial + raza + edad y sugiere posibles diagnósticos diferenciales. No reemplaza al veterinario, pero evita que se escape algo. - Lectura automática de radiografías / exámenes de sangre: te marca anomalías en segundos. - Transcripción de la consulta: hablas con el dueño, la IA escribe la ficha clínica sola.  *2. En la atención: 0 clientes perdidos* - *Triage por WhatsApp 24/7:* Un bot con IA responde ""mi perro vomitó 3 veces, qué hago?"", clasifica si es emergencia y te agenda de una vez. - Recordatorios inteligentes: No solo ""le toca vacuna"", sino ""Hola Ana, a Max le toca la antirrábica en 3 días. ¿Te agendo el martes a las 4pm que es cuando siempre vienes?"" - Detección de clientes que no regresan: La IA te avisa ""12 clientes no vienen hace 6 meses"" y les envía una promo automática.  *3. En la administración: menos fugas de plata* - Predicción de inventario: ""Según las últimas 3 temporadas de lluvia, en 2 semanas se te acabará el antipulgas, compra ahora"". - Detección de errores de cobro y de precios mal puestos. - Reporte automático: ""Esta semana tu servicio más rentable fue profilaxis, y el martes es tu día más flojo, lanza una promo ahí"".  *4. En el crecimiento de la clínica* - La IA aprende qué tratamientos acepta cada dueño y te ayuda a explicar mejor el plan. - Análisis de reseñas y satisfacción para mejorar la atención. - Planes de salud personalizados según raza y edad: ""Todos los Golden de 7+ años necesitan este chequeo"".  En resumen: pasas de apagar incendios a prevenirlos. El veterinario se enfoca en curar, no en llenar papeles, y el dueño siente que su mascota es recordada y cuidada, no solo un número.  ¿Estás pensando en implementar uno o es para un proyecto / tesis? Si me dices el tamaño de tu clínica te armo el top 3 de beneficios por donde empezar para que la inversión se pague rápido.","Sí, y es lo que separa a los sistemas que se usan de los que se abandonan al mes. Si vas a diseñar un SGCV-IA, diseña para la realidad de una veterinaria, no para una tesis.  Aquí van mis 5 sugerencias críticas:  *1. Que funcione sin internet y en 2 clics.* En plena consulta no hay tiempo. La ficha debe abrirse en <3 segundos, funcionar offline y sincronizar después. Si el veterinario tiene que dar 7 clics para registrar una vacuna, no lo va a usar. Diseño móvil primero, no solo escritorio.  *2. IA que ayude, no que estorbe.* El error más común es poner una IA que quiere diagnosticar. Lo que más valora el veterinario es: - Que transcriba voz a ficha clínica automáticamente - Que sugiera, no imponga: ""3 diagnósticos diferenciales posibles según síntomas + historial"" - Que nunca tome una decisión final sola. El veterinario siempre confirma.  *3. Datos limpios desde el día 1.* Define bien: razas estandarizadas, vacunas por protocolo, unidades de peso. Si cada uno escribe ""perro mestizo"", ""mestizo"", ""criollo"", la IA no aprende nada. Haz listas desplegables, no campos de texto libre donde no es necesario.  *4. Privacidad y confianza del dueño.* Vas a manejar datos sensibles. El sistema debe tener: - Consentimiento del dueño para usar datos de su mascota - Roles claros: recepcionista no ve finanzas, asistente no borra historial - Explicabilidad: si la IA sugiere algo, debe mostrar por qué lo sugiere.  *5. Empieza pequeño y modular.* No intentes hacer todo. El MVP ganador es: Módulo 1: Agenda + Historial + Recordatorio por WhatsApp Módulo 2: Inventario + Ventas Módulo 3: IA de triage y predicción  Si haces esos 3 bien, ya le ahorras 15 horas a la semana a una clínica en El Empalme.  *Comentario final:* El mejor sistema no es el más inteligente, es el que el equipo _sí quiere usar_. Involucra a una recepcionista y a un veterinario en el diseño desde el día 1, míralos trabajar 2 horas. Ahí están todas las respuestas.  ¿Es para tu proyecto? Si me dices si es para una clínica real o para presentación académica, te armo la arquitectura técnica recomendada en un esquema simple."
"2026-09-19 15:28:59.000000",0,"Sí, acepto participar.","Auxiliar o técnico veterinario","26–35 años","Masculino","Pichincha ","Menos de 1 años","No aplica","Regular","Algunas veces","Importante","Historial clínico","Neutral","En desacuerdo","El historial de pacientes ","Agenda citas ","Varías ","No"
"2026-09-19 15:30:44.000000",0,"Sí, acepto participar.","Dueño(a) de mascota","26–35 años","Masculino","Guayaquil","Menos de 1 años","1","Regular","Algunas veces","Muy importante","Comunicación con los dueños de mascotas","Muy útil","Totalmente de acuerdo","Problemas tecnicos","Datos del animal","Muchos empezando con la organizacion","Modelo de la rsza del animal"
"2026-09-19 15:32:00.000000",0,"Sí, acepto participar.","Dueño(a) de mascota","18–25 años","Femenino","El Empalme","No aplica","No aplica","Muy buena","Rara vez","Importante","Historial clínico","Muy útil","Totalmente de acuerdo","Ninguna ","Ninguna ","Más orden ","No "
"2026-09-19 15:32:03.000000",0,"Sí, acepto participar.","Administrador(a) de clínica veterinaria","18–25 años","Masculino","Quito","Menos de 1 años","3 o más","Regular","Algunas veces","Neutral","Comunicación con los dueños de mascotas","Útil","Totalmente de acuerdo","Servicio al cliente ","Que sea 24/7","Ser más amigable para todos ","No"
"2026-09-19 15:36:07.000000",0,"Sí, acepto participar.","Médico veterinario(a)","18–25 años","Femenino","Quito","De 2 a 5 años","3 o más","Buena","Rara vez","Importante","Historial clínico","Muy útil","Totalmente de acuerdo","El historial clínico que se maneja y su respaldo ","Que sea sencillo, es decir, directo a lo que uno como usuario necesita sin tantas trabas ","Un sistema de atención más fluido ","Ninguno "
"2026-09-19 15:36:14.000000",0,"Sí, acepto participar.","Médico veterinario(a)","26–35 años","Masculino","Quito","De 2 a 5 años","3 o más","Regular","Rara vez","Neutral","Inventario de medicamentos","Poco útil","Neutral","Medicamentos","Realizar inventario ","En gran medida ","La ética al momento de confiar la vida de los animales a una IA"
"2026-09-19 15:37:43.000000",0,"Sí, acepto participar.","Auxiliar o técnico veterinario","46–55 años","Masculino","Guayaquil el empalme","De 2 a 5 años","3 o más","Muy buena","Frecuentemente","Muy importante","Comunicación con los dueños de mascotas","Muy útil","Totalmente de acuerdo","La atención al usuario","Ser excelente en su atención al cliente","Es el seguro y capaz","Sugiero que sean responsables en los animales y medicamentos para ellos"
"2026-09-19 15:40:17.000000",0,"Sí, acepto participar.","Dueño(a) de mascota","18–25 años","Femenino","El empalme ","No aplica","1","Regular","Algunas veces","Importante","Comunicación con los dueños de mascotas","Útil","Neutral","Falta de comunicación con el dueño ","Responsabilidad y buena comunicación ","No estoy segura ya que desconozco del tema ","Ninguna "
"2026-09-19 15:47:01.000000",0,"Sí, acepto participar.","Médico veterinario(a)","18–25 años","Femenino","Quito ","De 2 a 5 años","2","Regular","Algunas veces","Muy importante","Historial clínico","Muy útil","Neutral","Falta de comunicación","Mejor relación de profesional, cliente ","Mejor productividad ","No "
"2026-09-19 15:51:49.000000",0,"Sí, acepto participar.","Dueño(a) de mascota","18–25 años","Femenino","La Maná","No aplica","2","Buena","Rara vez","Importante","Historial clínico","Útil","Totalmente de acuerdo","No sabría decirlo","Mejor historial clínico ","Aportaría muchos beneficios ","No"
"2026-09-19 15:53:34.000000",0,"Sí, acepto participar.","Médico veterinario(a)","26–35 años","Masculino","Quito","De 6 a 10 años","3 o más","Muy buena","Nunca","Muy importante","Historial clínico","Nada útil","Totalmente de acuerdo","Costos ","Que no sea color azul y plomo, la interfaz antigua ","Aportaría, en la fabricación del software ","Debería ser obligatorio "
"2026-09-19 16:00:05.000000",0,"Sí, acepto participar.","Médico veterinario(a)","26–35 años","Masculino","Quevedo","De 2 a 5 años","No aplica","Regular","Algunas veces","Neutral","Historial clínico","Útil","De acuerdo","Historial clínico ","Mejor organización de datos","Una buena herramienta para todo ","No"
"2026-09-19 16:00:30.000000",0,"Sí, acepto participar.","Dueño(a) de mascota","18–25 años","Masculino","Quevedo ","No aplica","1","Buena","Algunas veces","Importante","Historial clínico","Neutral","Neutral","La atención al cliente ","Recepción automática ","Mejorar la atención al cliente dando paso a las mascotas para que sean atendidas enseguida ","Interfaz sencilla para el uso de personas que no suelen interactuar con dispositivos electrónicos "
"2026-09-19 16:04:31.000000",0,"Sí, acepto participar.","Dueño(a) de mascota","18–25 años","Femenino","El Empalme","No aplica","2","Regular","Rara vez","Muy importante","Comunicación con los dueños de mascotas","Útil","Totalmente de acuerdo","Tener una buena comunicación con los dueños ","Un sistema fácil de manejar ","No tanta aportación ","Si al preguntar un precio o alguna duda el sistema pueda responder rápidamente "
"2026-09-19 16:06:33.000000",0,"Sí, acepto participar.","Dueño(a) de mascota","18–25 años","Femenino","El empalme ","No aplica","1","Regular","Algunas veces","Importante","Facturación","Neutral","Neutral","No lo sé ","No lo sé ","No lo sé ","No lo sé "
"2026-09-19 16:16:24.000000",0,"Sí, acepto participar.","Administrador(a) de clínica veterinaria","18–25 años","Masculino","Guayaquil ","Menos de 1 años","No aplica","Buena","Rara vez","Neutral","Historial clínico","Útil","De acuerdo","el principal problema que enfrentan las veterinarias actualmente es la alta presión asistencial combinada con la complejidad operativa","Un sistema de gestión veterinaria (PIMS, por sus siglas en inglés) verdaderamente efectivo no solo debe ser un registro de fichas clínicas, sino una herramienta integral que reduzca la carga operativa del personal y mejore la experiencia del cliente.","Un sistema de gestión veterinaria (PIMS) potenciado con inteligencia artificial (IA) transforma la clínica al pasar de ser una herramienta pasiva de registro a un asistente activo que optimiza la atención médica, reduce la carga administrativa y mejora la rentabilidad.","es una excelente iniciativa, pero para que sea realmente adoptado por los profesionales clínicos y aporte valor tangible al negocio"
"2026-09-19 16:18:38.000000",0,"Sí, acepto participar.","Dueño(a) de mascota","18–25 años","Femenino","El empalme ","No aplica","2","Regular","Rara vez","Importante","Historial clínico","Muy útil","De acuerdo","El ingreso de información ","Un apartado de notas para el dueño tener un registro también ","Mucha como un Ade ella el bienestar e información de las mascotas ","Tal vez los tonos q puedan cambiar pero no"
"2026-09-19 16:21:39.000000",0,"Sí, acepto participar.","Dueño(a) de mascota","18–25 años","Masculino","Guayaquil ","No aplica","3 o más","Muy buena","Rara vez","Muy importante","Historial clínico","Muy útil","En desacuerdo","El carnet de la mascota","Mejora los carnet de la mascota ","No creo que tenga beneficio","No"
"2026-09-19 16:23:32.000000",0,"Sí, acepto participar.","Administrador(a) de clínica veterinaria","18–25 años","Masculino","El empalme","De 6 a 10 años","2","Regular","Algunas veces","Muy importante","Historial clínico","Muy útil","De acuerdo","Falta de organización en seguir historias clínicas ","Registro completo del historial clínico y un sistema inteligente de reservas de turnos que incluyan recordatorios por WhatsApp ","Permitiría la clasificación de urgencia para la atención según síntomas previamente descritos, también el uso de un chatbot para guiar y resolver problemas de usuarios.","Debe ser compatibles para celular y pc"
"2026-09-19 16:23:59.000000",0,"Sí, acepto participar.","Dueño(a) de mascota","18–25 años","Femenino","Huaquillas ","No aplica","2","Buena","Rara vez","Neutral","Inventario de medicamentos","Muy útil","Neutral","Q aveces los dueños de clínica no son responsables y suelen dejar a auxiliares en su glicina sin mucha experiencia ","Más paciencia ","Un sistema de gestión con inteligencia artificial aporta un valor estratégico inmediato a una clínica veterinaria transformando la eficiencia operativa y elevando la calidad del cuidado animal   ","Debe priorizar la optimización del tiempo clínico, la seguridad de los datos y el soporte a la decision humana sin reemplazar"
"2026-09-19 16:32:25.000000",0,"Sí, acepto participar.","Administrador(a) de clínica veterinaria","18–25 años","Masculino","Lodi","Menos de 1 años","1","Buena","Rara vez","Importante","Historial clínico","Útil","Neutral","Uno de los principales problemas actualmente es la dificultad para gestionar eficientemente las citas y la atención al cliente, debido a la gran cantidad de pacientes, el seguimiento de los tratamientos y la comunicación con los dueños de las mascotas. ","Me gustaría que el sistema tuviera gestión de citas, historial médico de las mascotas, recordatorios de vacunas y medicamentos, registro de clientes y mascotas, control de pagos y facturación, y un sistema de notificaciones para mantener informados a los dueños.","Creo que aportaría mayor rapidez y organización en la atención, automatización de citas y recordatorios, mejor manejo de los historiales de las mascotas y una comunicación más eficiente con los clientes.","Sugiero que el sistema sea fácil de usar, rápido y seguro, y que permita gestionar citas, historiales médicos, vacunas, medicamentos y pagos."
"2026-09-19 16:33:57.000000",0,"Sí, acepto participar.","Administrador(a) de clínica veterinaria","36–45 años","Masculino","El empalme ","De 6 a 10 años","2","Regular","Rara vez","Importante","Historial clínico","Útil","Neutral","La principal dificultad es el manejo eficiente de la información de los pacientes, las citas y el control de inventario, ya que muchos procesos aún se realizan de forma manual y pueden generar errores o retrasos.","Que permita gestionar citas, historiales clínicos, vacunas, control de inventario, facturación, recordatorios automáticos para los clientes y generación de reportes en tiempo real","Mejoraría la organización de la información, reduciría errores administrativos, optimizaría los tiempos de atención, facilitaría la toma de decisiones mediante análisis de datos y ayudaría a brindar un mejor servicio a los clientes y sus mascotas.","Sería importante que el sistema sea fácil de usar, seguro y accesible desde cualquier dispositivo. Además, que la inteligencia artificial ayude a gestionar citas, generar recordatorios automáticos, analizar datos de los pacientes y apoyar la toma de decisiones, contribuyendo a una atención más rápida y eficiente para las mascotas y sus propietarios."""
"2026-09-19 16:54:41.000000",0,"Sí, acepto participar.","Administrador(a) de clínica veterinaria","Más de 55 años","Femenino","El empalme ","De 6 a 10 años","No aplica","Buena","Algunas veces","Muy importante","Comunicación con los dueños de mascotas","Útil","Totalmente de acuerdo","La atención al cliente ","Que sea entendible","Bastante beneficios","Ninguna "
"2026-09-19 16:57:25.000000",0,"Sí, acepto participar.","Administrador(a) de clínica veterinaria","18–25 años","Femenino","Guayaquil ","De 2 a 5 años","1","Muy buena","Nunca","Muy importante","Comunicación con los dueños de mascotas","Muy útil","De acuerdo","La comunicación con los dueños ","Una buena atención ","A dar más conocimiento ","No tengo sugerencias "
"2026-09-19 16:59:22.000000",0,"Sí, acepto participar.","Médico veterinario(a)","26–35 años","Femenino","Quevedo ","Menos de 1 años","2","Buena","Rara vez","Importante","Gestión de citas","Útil","De acuerdo","La espera tardan demasiado tiempo ","Mayor rapidez ","En lo que es para saber q tiene mi animal si ","Noo"
"2026-09-19 17:13:14.000000",0,"Sí, acepto participar.","Administrador(a) de clínica veterinaria","18–25 años","Masculino","Manta ","De 2 a 5 años","3 o más","Regular","Algunas veces","Muy importante","Comunicación con los dueños de mascotas","Muy útil","Totalmente de acuerdo","Atención ","Velocidad ","Todos ","S/n"
"2026-09-19 17:16:03.000000",0,"Sí, acepto participar.","Auxiliar o técnico veterinario","18–25 años","Masculino","Guayaquil ","Menos de 1 años","No aplica","Buena","Rara vez","Neutral","Comunicación con los dueños de mascotas","Muy útil","Neutral","Neutral ","Neutral ","Neutral ","Neutral "
"2026-09-19 17:18:11.000000",0,"Sí, acepto participar.","Dueño(a) de mascota","18–25 años","Masculino","Cantón El Empalme ","Menos de 1 años","2","Regular","Rara vez","Importante","Gestión de citas","Muy útil","En desacuerdo","Gestionar citaa","Nulas","Aprender más sobre como ir con los tratamientos ","No"
"2026-09-19 17:18:33.000000",0,"Sí, acepto participar.","Auxiliar o técnico veterinario","18–25 años","Masculino","El Guayas ","De 2 a 5 años","3 o más","Muy buena","Nunca","Muy importante","Inventario de medicamentos","Muy útil","Totalmente de acuerdo","Ningún problema ","Mucha mejoracion y muy buena atención al cliente ","Aportaria mucho  por qué es parte de la inteligencia","Ninguna sugerencia "
"2026-09-19 17:20:04.000000",0,"Sí, acepto participar.","Administrador(a) de clínica veterinaria","18–25 años","Masculino","Manta","No aplica","1","Regular","Algunas veces","Muy importante","Gestión de citas","Muy útil","De acuerdo","Falta de digitalización en historial medico de la mascota ","Una agenda en linea con recordatorio de medicamentos ","Análisis predictivo de enfermedades ","Asegurar que la interfaz sea intuitiva para el usuario"
"2026-09-19 17:25:22.000000",0,"Sí, acepto participar.","Auxiliar o técnico veterinario","18–25 años","Femenino","Manta","Menos de 1 años","1","Regular","Algunas veces","Neutral","Gestión de citas","Útil","Neutral","Si","Las citas ","Solo para publicidad ","No"
"2026-09-19 17:27:36.000000",0,"Sí, acepto participar.","Administrador(a) de clínica veterinaria","18–25 años","Masculino","Mocache","De 2 a 5 años","2","Regular","Rara vez","Muy importante","Inventario de medicamentos","Muy útil","De acuerdo","Lo pequeñas que son los espacios de las veterinarias, en la que yo trabajo contamos con solo una cama quirúrgica y la sala de esperas, hacemos todo los tramites a mano lo cual hace tardía la atención.","Un fácil acceso a el y que se detalle toda la información actualizada de las mascotas tras cada visita, haciendo que los dueños puedan tener esa información a la mano.","Rápidos resultados que ayudarían a que la atención sea mas eficaz y con múltiples posibles diagnósticos según las características de las mascotas.","Se debería poder hacer una interfaz como los expedientes tradicionales para que los médicos veterinarios con años de experiencia sean capaces de adaptarse rápidamente al sistema de gestión, ya que muchas veces se realizan este tipos de sistemas sin tomar en cuenta las personas que lo van a usar y se hace una interfaz muy compleja o difícil de manejar si no se es experto en la informática."
"2026-09-19 17:35:33.000000",0,"Sí, acepto participar.","Médico veterinario(a)","36–45 años","Masculino","Manta","De 2 a 5 años","No aplica","Mala","Algunas veces","Muy importante","Comunicación con los dueños de mascotas","Muy útil","Totalmente de acuerdo","La falta de comunicacion ","Fluidez ","Mejorar la atencion a Clientes","no"
"2026-09-19 17:40:30.000000",0,"Sí, acepto participar.","Auxiliar o técnico veterinario","18–25 años","Masculino","Quinsaloma","Menos de 1 años","2","Buena","Frecuentemente","Neutral","Inventario de medicamentos","Neutral","Neutral","Animales arisco ","Maquinarias avanzadas ","Los embriones","No "
"2026-09-19 17:40:37.000000",0,"Sí, acepto participar.","Dueño(a) de mascota","46–55 años","Femenino","Guayaquil ","De 2 a 5 años","1","Muy buena","Siempre","Muy importante","Comunicación con los dueños de mascotas","Muy útil","De acuerdo","Muy buenos ","Claro que sí ","Creo que no no de vería ","Claro que sí debería ver una gestión de inteligencia"
"2026-09-19 17:49:08.000000",0,"Sí, acepto participar.","Administrador(a) de clínica veterinaria","18–25 años","Femenino","El Empalme ","Menos de 1 años","2","Buena","Rara vez","Neutral","Inventario de medicamentos","Muy útil","Neutral","Ninguna ","Ninguno ","Ninguno ","Ninguno "
"2026-09-19 17:57:09.000000",0,"Sí, acepto participar.","Administrador(a) de clínica veterinaria","18–25 años","Femenino","Manta","De 2 a 5 años","3 o más","Buena","Rara vez","Muy importante","Comunicación con los dueños de mascotas","Muy útil","Totalmente de acuerdo","Quizás la falta de insumos veterinarios ","Insumos suficientes, como máquinas para radiografías y lugar suficiente para procesos de internar, también implementar usos de programas que verifiquen la administración ","Bastantes, ayudaría a llevar cuentas de inventarios, costos, gastos y prevenir el desabastecimiento ","Un diseño altamente competitivo, seguro y de abastecimiento, en el cual por precauciones exista la codificación de datos, y formularios legales "
"2026-09-19 17:57:59.000000",0,"Sí, acepto participar.","Médico veterinario(a)","26–35 años","Femenino","Quito ","De 2 a 5 años","3 o más","Buena","Algunas veces","Muy importante","Historial clínico","Neutral","Neutral","La falta de claridad en los diagnósticos","Que se incremente la tecnología ","Creo q quitaría el centro mismo de la consulta ","Ninguna "
"2026-09-19 17:59:35.000000",0,"Sí, acepto participar.","Administrador(a) de clínica veterinaria","26–35 años","Femenino","El Empalme ","De 6 a 10 años","1","Regular","Algunas veces","Importante","Historial clínico","Muy útil","De acuerdo","Los Veterinarios no llevan registro informático de todo lo que compete a la mascota, desde los dueños, tipo de hogar y todo los médico que respecta al paciente.","Registro de dueños, edad, vacunas, tipo de hogar, medicación, antecedentes, raza, y próxima consulta. Además de un sistema de cobranza por cada servicio brindado o venta de algún insumos.","Agilizar atención y registrar datos e información importante del paciente.","."
"2026-09-19 18:00:12.000000",0,"Sí, acepto participar.","Administrador(a) de clínica veterinaria","18–25 años","Prefiero no responder","El Empalme ","De 2 a 5 años","No aplica","Buena","Rara vez","Muy importante","Historial clínico","Útil","De acuerdo","El agotamiento personal h el desequilibrio financiero","La automatización de citas y el control de inventarios","La atención al cliente y la rentabilidad del negocio","Que solo actue como un apoyo y que no influya en la toma de decisiones "
"2026-09-19 18:04:52.000000",0,"Sí, acepto participar.","Administrador(a) de clínica veterinaria","18–25 años","Femenino","El empalme ","No aplica","1","Buena","Rara vez","Importante","Comunicación con los dueños de mascotas","Útil","Neutral","Recibir atención de personas que no saben ","Un sistema de recordatorio ","Muchos beneficios ","Ninguno "
"2026-09-19 18:18:16.000000",0,"Sí, acepto participar.","Administrador(a) de clínica veterinaria","46–55 años","Masculino","El empalme ","De 2 a 5 años","No aplica","Buena","Algunas veces","Muy importante","Historial clínico","Útil","De acuerdo","La pérdida de los historiales clinico","Revisar el historial clínico de una mascota mediante fecha y su nombre ","Traería bastante beneficios más que todo en el ámbito de las sugerencias clínicas","Ningúna"
"2026-09-19 18:19:08.000000",0,"Sí, acepto participar.","Administrador(a) de clínica veterinaria","18–25 años","Femenino","El empalme","De 2 a 5 años","1","Regular","Algunas veces","Neutral","Inventario de medicamentos","Neutral","Neutral","Poca paciencia ","Mejora en la atención ","Muy buenos aportes ","Sin comentarios "
"2026-09-19 18:37:45.000000",0,"Sí, acepto participar.","Administrador(a) de clínica veterinaria","36–45 años","Femenino","El Empalme","No aplica","No aplica","Buena","Frecuentemente","Importante","Comunicación con los dueños de mascotas","Útil","En desacuerdo","Falta de medicamentos","Sea gratuita ","Muy poco","No"
"2026-09-19 18:38:51.000000",0,"Sí, acepto participar.","Administrador(a) de clínica veterinaria","18–25 años","Masculino","El empalme ","Menos de 1 años","1","Mala","Algunas veces","Muy importante","Historial clínico","Muy útil","Totalmente de acuerdo","La poca implementación de tecnología, causando que sea más tardada la atención a las mascotas","Un mejor apartado para clasificar los problemas y mejorar el tiempo de atencion.","Mejorar la forma en que se actúa ante una enfermedad o problema","Que sea facil de manejar y comprender , además de tener una buena interfaz "
"2026-09-19 18:41:08.000000",0,"Sí, acepto participar.","Dueño(a) de mascota","36–45 años","Masculino","El Empalme","No aplica","2","Buena","Rara vez","Poco importante","Historial clínico","Poco útil","Totalmente en desacuerdo","Ninguna","Ninguna","Ninguna","Ninguna"
"2026-09-19 18:53:00.000000",0,"Sí, acepto participar.","Administrador(a) de clínica veterinaria","18–25 años","Masculino","Guayaquil","De 2 a 5 años","2","Buena","Rara vez","Importante","Inventario de medicamentos","Muy útil","Neutral","Administrar de manera eficiente y rapida el inventario de medicamentos","Filtro para busqueda","Mejor tiempi de respuesta","No"
"2026-09-19 19:29:00.000000",0,"Sí, acepto participar.","Administrador(a) de clínica veterinaria","18–25 años","Masculino","Cuenca ","No aplica","No aplica","Regular","Rara vez","Muy importante","Inventario de medicamentos","Neutral","Neutral","Poca paciencia ","No se","Más facilidad al hacer los procesos ","No tengo comentarios"
"2026-09-19 19:29:43.000000",0,"Sí, acepto participar.","Administrador(a) de clínica veterinaria","26–35 años","Masculino","El Empalme ","De 2 a 5 años","1","Regular","Algunas veces","Muy importante","Historial clínico","Muy útil","Neutral","Falta de información del profesional a cargo","Gestión de citas","Muchis beneficios ","Claro, contar con un sistema integrado y de historias clínicos de tratamiento de los caninos"
"2026-09-19 19:30:55.000000",0,"Sí, acepto participar.","Administrador(a) de clínica veterinaria","18–25 años","Masculino","Empalme ","No aplica","2","Regular","Rara vez","Importante","Inventario de medicamentos","Útil","De acuerdo","Poca explicacion alos cliente ","Personas q no puedan llevar su mascota q el centro de veterinaria pueda acercarse a domicilio","Muchos como estar actualizado ","No"
"2026-09-19 19:59:34.000000",0,"Sí, acepto participar.","Administrador(a) de clínica veterinaria","26–35 años","Femenino","Quevedo ","De 2 a 5 años","2","Buena","Rara vez","Muy importante","Historial clínico","Muy útil","Totalmente de acuerdo","No disponer de un sistema inteligente es importante porque así llevo un registro ejemplo yo trabajo en uno soy del personal administrativo y me gustaría que en la parte inicial es decir la página inicial de muestre un detalle de todo lo visto guisado l día de ayer y si tiene IA preguntarle ejemplo dame un detalle de lo que se realizó ayer ","una característica importante es la aplicación de IA al sistema yo quiero preguntar que se realizó ayer o hace dos semanas es decir aunque aya un apartado donde yo pueda entrar a ver a l detalle me gustaría que la IA me dé todo detallado con una simple pregunta ","sería un aporte bueno porque me va a ayudar a mi como administrador a llevar un registro más detallado ","Que sea más intuitivo con botones más visibles "
"2026-09-19 19:59:38.000000",0,"Sí, acepto participar.","Administrador(a) de clínica veterinaria","18–25 años","Femenino","Quevedo ","Menos de 1 años","3 o más","Buena","Algunas veces","Muy importante","Gestión de citas","Muy útil","Totalmente de acuerdo","Falta de organización de citas,historiales clínicos, inventario de medicamentos, facturación y recordatorios para los dueños de mascotas ","Gestión de citas ,historiales clínicos, inventario de medicamentos, facturación y recordatorios para los dueños de mascotas.","Mejorar la organizació, agilizar la atención y ayudaría a gestionar citas e historiales clínicos","Sería importante que el sistema sea fácil de usar y que incluya un manual o guía de uso para explicar su funcionamiento también debería permitir gestionar citas historiales clínico inventario y recordatorios de manera rápida y organizada"
"2026-09-19 20:07:54.000000",0,"Sí, acepto participar.","Dueño(a) de mascota","18–25 años","Femenino","Ambato ","No aplica","1","Muy buena","Nunca","Neutral","Gestión de citas","Muy útil","Neutral","En la veterinaria en la que yo voy ningún inconveniente ","Más personal ","Mejor organización ","No"
"2026-09-19 20:14:25.000000",0,"Sí, acepto participar.","Médico veterinario(a)","26–35 años","Masculino","Quevedo ","De 2 a 5 años","No aplica","Muy buena","Rara vez","Muy importante","Comunicación con los dueños de mascotas","Muy útil","Totalmente de acuerdo","Falta de comunicación ","Aviso de las citas ","Aportaría datos importantes ","No"
"2026-09-19 20:17:25.000000",0,"Sí, acepto participar.","Auxiliar o técnico veterinario","18–25 años","Femenino","El empalme ","De 2 a 5 años","3 o más","Regular","Frecuentemente","Importante","Comunicación con los dueños de mascotas","Muy útil","Neutral","Considero que el principal problema es la falta de recursos y una buena organización, lo que puede dificultar brindar una atención rápida y de calidad a todos los animales.","Que permita organizar citas, llevar el historial de cada mascota y controlar los pagos de forma sencilla.","Ayudaría a ahorrar tiempo, organizar mejor la información y mejorar la atención a los clientes y sus mascotas.","Que sea fácil de usar, rápido y que ayude a organizar mejor las citas y la información de las mascotas."
"2026-09-19 20:17:28.000000",0,"Sí, acepto participar.","Auxiliar o técnico veterinario","18–25 años","Masculino","Quevedo","No aplica","3 o más","Regular","Algunas veces","Importante","Historial clínico","Muy útil","De acuerdo","En que hay demasiadas personas con mascota que las citas se demoran mucho es decir la hora a la q le toca cambia por mimutos o una hora dependiendo a la mascotas ","Un reguistro de inventario donde puedan reguistrar a la mascota y tener un historial clinico de ellos","En q nos ayudaria mucho a llevar un reguistro de mascotas donde se detalle mas sobre ellos.","Que sea llamatibo algo donde la gente pueda ver que es una clinica segura por detalles que se le puede tener es decir imagenes y etc "
"2026-09-19 20:18:33.000000",0,"Sí, acepto participar.","Administrador(a) de clínica veterinaria","26–35 años","Femenino","El empalme","De 2 a 5 años","No aplica","Buena","Frecuentemente","Importante","Inventario de medicamentos","Útil","Neutral","Agenda consultas con los pacientes","Notificación dd consulta","Neutral depende del uso","No"
"2026-09-19 20:18:57.000000",0,"Sí, acepto participar.","Administrador(a) de clínica veterinaria","26–35 años","Femenino","San Carlos","De 2 a 5 años","No aplica","Regular","Frecuentemente","Muy importante","Gestión de citas","Muy útil","Totalmente de acuerdo","Mala Gestion de citas","Rapides o fluidez ","Aporte ala gestion de cita","No"
"2026-09-19 20:21:14.000000",0,"Sí, acepto participar.","Administrador(a) de clínica veterinaria","36–45 años","Masculino","El empalme","De 6 a 10 años","No aplica","Buena","Frecuentemente","Importante","Facturación","Útil","Neutral","El inventario","Avise cuando el inventario esta por vencer o stock mínimo","Depende de uso que le de y para que sea ","El control dd inventario"
"2026-09-19 20:22:26.000000",0,"Sí, acepto participar.","Administrador(a) de clínica veterinaria","18–25 años","Masculino","El Empalme ","De 2 a 5 años","2","Buena","Rara vez","Muy importante","Comunicación con los dueños de mascotas","Muy útil","Totalmente de acuerdo","La atención con los dueños de las mascotas ","El sistema de gestión de medicamentos ","Muchísimo, ya que optimiza la atención ","No"
"2026-09-19 20:29:29.000000",0,"Sí, acepto participar.","Auxiliar o técnico veterinario","18–25 años","Masculino","Moraspungo","No aplica","1","Regular","Rara vez","Importante","Historial clínico","Útil","Totalmente de acuerdo","Considero que el principal problema esta en los historiales clinicos","Registro de mascotas","Ahorraria tiempo, mejoraria la organizacion y permitiria una atencion mas rapida y personalizada","Mi sugerencia es que sea facil de usar, seguro y que la IA sirva como apoyo al veterinario a lo bien"
"2026-09-19 20:34:46.000000",0,"Sí, acepto participar.","Administrador(a) de clínica veterinaria","18–25 años","Femenino","El empalme","De 2 a 5 años","No aplica","Buena","Rara vez","Neutral","Inventario de medicamentos","Útil","Neutral","Considero que el principal problema es la falta de recursos y una buena organización, lo que puede dificultar brindar una atención rápida y de calidad a todos los animales.","Que permita organizar citas, llevar el historial de cada mascota y controlar los pagos de forma sencilla.","Ayudaría a ahorrar tiempo, organizar mejor la información y mejorar la atención a los clientes y sus mascotas.","Que sea fácil de usar, rápido y que ayude a organizar mejor las citas y la información de las mascotas."
"2026-09-19 20:38:13.000000",0,"No acepto participar.","Dueño(a) de mascota","18–25 años","Femenino","El empalme","No aplica","2","Regular","Rara vez","Importante","Inventario de medicamentos","Útil","Totalmente en desacuerdo","Ignorar la preocupación del cliente solo por tener experiencia, por eso no revisan bien al animal del cliente ","Más veterinarios en un mismo establecimiento ","Ninguno, la inteligencia artificial no se compara con la inteligencia de una persona clasificada","Más publicidad, extender el centro de atención y publicidad "
"2026-09-19 20:40:07.000000",0,"Sí, acepto participar.","Médico veterinario(a)","18–25 años","Femenino","Guayas-El Empalme","Menos de 1 años","2","Buena","Algunas veces","Muy importante","Gestión de citas","Muy útil","De acuerdo","Falta de organización en las citas y en la información de los pacientes ","Que tenga gestión de citas, historial clínico, recordatorios de vacunas y tratamientos, inventario y comunicación con los dueños","Ayudaría a organizar mejor la información, ahorrar tiempo y mejorar la atención a las mascotas y sus dueños.","Que sea fácil de usar, rápido y que proteja la información de los pacientes y sus dueños."
"2026-09-19 20:42:07.000000",0,"Sí, acepto participar.","Dueño(a) de mascota","18–25 años","Masculino","El Empalme ","No aplica","3 o más","Muy mala","Rara vez","Poco importante","Inventario de medicamentos","Útil","Neutral","El problema es el problema 😵‍💫","No sé  q  hagan medicinas para q la mascota tenga vida eterna ","No se","No"
"2026-09-19 20:46:00.000000",0,"Sí, acepto participar.","Administrador(a) de clínica veterinaria","18–25 años","Femenino","El Empalme ","No aplica","No aplica","Regular","Algunas veces","Importante","Inventario de medicamentos","Útil","De acuerdo","La falta de organización en el inventario de medicamentos para agilizar el proceso. ","Un sistema que permita identificar rápido qué medicamentos hay y cuáles faltan para agilizar el proceso ","Ayudaría a encontrar los medicamentos al instante, avisaría sola cuándo hay que reponer stock antes de que se termine y permitiría atender a las mascotas mucho más rápido ","Que sea un sistema fácil para que ahorre tiemño y todo el equipo pueda utilizarlo "
"2026-09-19 20:48:28.000000",0,"Sí, acepto participar.","Administrador(a) de clínica veterinaria","18–25 años","Femenino","El empalme ","De 2 a 5 años","2","Regular","Algunas veces","Muy importante","Comunicación con los dueños de mascotas","Muy útil","En desacuerdo","El principal problema es la falta de organización y gestión eficiente de la información de los pacientes, lo que puede generar demoras en la atención y dificultades para llevar un buen control de las mascotas.”","Más organizacion y una atención adecuada ","Permitiría organizar mejor la información de los pacientes, agilizar la atención, llevar un seguimiento de las mascotas y reducir errores en la gestión de citas e historiales.”","Que sea fácil de usar, rápido y seguro, que proteja la información de los pacientes y propietarios, y que la inteligencia artificial sirva como apoyo al personal veterinario.”"
"2026-09-19 21:04:50.000000",0,"Sí, acepto participar.","Administrador(a) de clínica veterinaria","26–35 años","Masculino","Quevedo ","De 2 a 5 años","No aplica","Regular","Algunas veces","Muy importante","Historial clínico","Muy útil","Totalmente de acuerdo","Encontrar el historial clínico de la mascota ","Que se solo poner identificador de la mascota pueda aparecer el historial clínico ","A dar recomendaciones mejores en la atención de la mascota ","Que tenga un diseño sencillo para asi identificar mejor que viene el programa "
"2026-09-19 21:08:30.000000",0,"Sí, acepto participar.","Administrador(a) de clínica veterinaria","18–25 años","Femenino","El empalme ","Menos de 1 años","No aplica","Buena","Rara vez","Importante","Inventario de medicamentos","Muy útil","En desacuerdo","Los clientes mal intencionados que hacen perder el tiempo del veterinario ","Más enfermeros en el mismo local para mejor atención p","Mejor administración y resultados concretos ","Expandirse y aumentar la publicidad "
"2026-09-19 21:17:43.000000",0,"Sí, acepto participar.","Médico veterinario(a)","36–45 años","Femenino","Quevedo","De 2 a 5 años","No aplica","Regular","Rara vez","Muy importante","Historial clínico","Muy útil","Totalmente de acuerdo","La organización, a veces hay mucho desorden con las citas o los historiales médicos, y se pierde tiempo valioso buscando información mientras el cliente","Que sea fácil de usar y rápido. Me gustaría que todo esté centralizado: que pueda ver el historial de la mascota, agendar citas y tener los recordatorios de vacunas en un solo lugar.","Si la IA ayuda a automatizar tareas repetitivas o a recordar cosas importantes, nos permite dedicarle más atención al paciente y al dueño","Que sea intuitivo y no complique el trabajo. A veces los sistemas nuevos son muy complicados y terminan estorbando más que ayudando. Mientras más simple y práctico sea, mejor"
"2026-09-19 21:27:59.000000",0,"Sí, acepto participar.","Administrador(a) de clínica veterinaria","36–45 años","Femenino","Guayaquil","De 2 a 5 años","No aplica","Buena","Rara vez","Neutral","Historial clínico","Muy útil","Neutral","El momento de las citas con los pacientes","Alguno que agilice el sistema de citas ","No creo que muchos ","Ninguno"
"2026-09-19 21:37:46.000000",0,"Sí, acepto participar.","Administrador(a) de clínica veterinaria","26–35 años","Masculino","El empalme","De 2 a 5 años","1","Buena","Rara vez","Importante","Historial clínico","Muy útil","De acuerdo","Gestión de citas ","Apoyo de inteligencia artificial para administrar horarios para los pacientes ","Mejorar horarios de citas y de aplicación de medicamentos ","Me parece bien que implementen la tecnología como una ayuda para mejorar la atención "
"2026-09-19 21:44:52.000000",0,"Sí, acepto participar.","Administrador(a) de clínica veterinaria","18–25 años","Masculino","Canton El Empalme ","Menos de 1 años","1","Buena","Nunca","Importante","Inventario de medicamentos","Muy útil","De acuerdo","Personal ","Más comunicación con el dueño de la mascota ","Muy útil para mejoramiento ","No"
"2026-09-19 21:56:23.000000",0,"Sí, acepto participar.","Administrador(a) de clínica veterinaria","18–25 años","Masculino","Quevedo","Menos de 1 años","2","Buena","Algunas veces","Muy importante","Gestión de citas","Útil","Totalmente de acuerdo","Organizar todas las citas","gestione las citas por prioridad","ayudar a realizar las tareas de atencion a los animales","ninguno, animo en lo que hacen"
"2026-09-19 22:00:22.000000",0,"Sí, acepto participar.","Dueño(a) de mascota","18–25 años","Masculino","Quevedo","No aplica","3 o más","Regular","Algunas veces","Muy importante","Gestión de citas","Neutral","De acuerdo","la gestion de citas","que se organice la atencion para que sea mas rapida y eficiente","mejor organizacion para el trabajo","ninguna"
"2026-09-19 22:03:19.000000",0,"Sí, acepto participar.","Médico veterinario(a)","26–35 años","Masculino","San Carlos ","Más de 10 años","No aplica","Mala","Frecuentemente","Neutral","Gestión de citas","Muy útil","Totalmente de acuerdo","Muchas cosas ","Un gestor de productos para saber cuándo vencen y cuando no ","Muchos beneficios ","Ninguna "
"2026-09-19 22:30:46.000000",0,"Sí, acepto participar.","Administrador(a) de clínica veterinaria","26–35 años","Masculino","Quito","De 2 a 5 años","No aplica","Buena","Rara vez","Importante","Historial clínico","Muy útil","Neutral","Falta de organización con las vacunas","Un sistema más computarizado ","Mejor organización ","No"
"2026-09-19 22:53:43.000000",0,"Sí, acepto participar.","Administrador(a) de clínica veterinaria","36–45 años","Masculino","Guayaquil","Menos de 1 años","1","Muy mala","Rara vez","Importante","Inventario de medicamentos","Útil","Neutral","El tema del historial de salud de animal","Todo","Todo","Tema del historial de salud"
"2026-09-19 23:12:14.000000",0,"Sí, acepto participar.","Dueño(a) de mascota","26–35 años","Masculino","Guayaquil ","No aplica","1","Buena","Rara vez","Muy importante","Gestión de citas","Muy útil","Totalmente de acuerdo","Hay días que el horario de atención está colapsado. Falta más profesionales que atiendan las citas médicas para las mascotas","Que exista más horas de atención ","Facilitaría en separar las consiltas médicas en la utilización de las herramientas digitales ","Que sea desarrollado para teléfonos apple y android "
"2026-09-19 23:39:47.000000",0,"Sí, acepto participar.","Médico veterinario(a)","26–35 años","Masculino","Quevedo ","De 2 a 5 años","1","Regular","Algunas veces","Muy importante","Inventario de medicamentos","Muy útil","Totalmente de acuerdo","En la gestión de citas","El inventario médico que tenga todos sus medicamentos al dia","Muy bueno porque daría mejor el diagnóstico de la mascota ","El uso de la IA también para dar resetas para la mascota "
"2026-09-20 08:20:26.000000",0,"Sí, acepto participar.","Auxiliar o técnico veterinario","18–25 años","Femenino","Guayas-Naranjal","No aplica","1","Muy buena","Rara vez","Muy importante","Comunicación con los dueños de mascotas","Muy útil","Neutral","Horarios de atención, y falta de personal.","Personal capacitado que pueda atender.","Tal vez, en dar una explicación puntual sobre diagnósticos, y ayudaría a una mejor organización con los pacientes.","No lo he pensado."
"2026-09-20 08:51:07.000000",0,"Sí, acepto participar.","Administrador(a) de clínica veterinaria","Más de 55 años","Femenino","El empalme","Más de 10 años","No aplica","Buena","Algunas veces","Importante","Gestión de citas","Muy útil","Neutral","Cuando me toca registrar citas de manera continua","Que sea muy comprensible","Considero que beneficiaria bastante","Ninguno"
"2026-09-20 08:59:58.000000",0,"Sí, acepto participar.","Administrador(a) de clínica veterinaria","26–35 años","Masculino","El Empalme","No aplica","3 o más","Buena","Rara vez","Importante","Inventario de medicamentos","Muy útil","De acuerdo","Falta de profesionalismo en el area","Más especialistas guía de control de salud programado de acuerdo a citas","Conocimiento profundo para poderlo poner en práctica ","Contratar profesionales más capacitados para trabajar con esa tecnologia"
"2026-09-20 09:13:44.000000",0,"Sí, acepto participar.","Administrador(a) de clínica veterinaria","46–55 años","Femenino","Empalme","De 6 a 10 años","3 o más","Buena","Rara vez","Neutral","Comunicación con los dueños de mascotas","Muy útil","Neutral","La principal dificultad es la organización de las citas y la atención oportuna a los clientes y mascotas","Registro completo de mascotas y sus propietarios enviar citas y vacunas, control medico","Reducir el tiempo de espera , facilitar la comunicación con los clientes ","Un sistema fácil de usar rápido y seguro"
"2026-09-20 09:40:44.000000",0,"Sí, acepto participar.","Auxiliar o técnico veterinario","18–25 años","Masculino","Quevedo ","De 2 a 5 años","2","Buena","Rara vez","Importante","Gestión de citas","Útil","De acuerdo"," en el manejo de historiales clínicos, citas y control de inventario. Muchas veterinarias aún llevan todo manual o en cuadernos, lo que causa pérdida de información, ","Que tenga agenda de citas, historial clínico digital, recordatorio de vacunas por WhatsApp","Atención más rápida, diagnósticos más precisos, menos errores y mejor servicio 24/7 para los clientes","Que sea fácil de usar, funcione en celular y tenga soporte por WhatsApp para el cliente"
"2026-09-20 09:50:42.000000",0,"Sí, acepto participar.","Médico veterinario(a)","36–45 años","Masculino","Machala","De 6 a 10 años","No aplica","Regular","Frecuentemente","Muy importante","Gestión de citas","Muy útil","Totalmente de acuerdo","La mala gestion de citas por tiempo","Fluides en el sistema","Recordatorios Automáticos al Cliente","no"
"2026-09-20 09:57:25.000000",0,"Sí, acepto participar.","Médico veterinario(a)","18–25 años","Femenino","Riobamba ","Menos de 1 años","No aplica","Regular","Algunas veces","Importante","Inventario de medicamentos","Útil","De acuerdo","Organización de citas y sistema de identificación de medicamentos caducados o por caducae","Rápido, eficiente, fácil de usar","Eficiencia y mejor organización para atención de pacientes","No"
"2026-09-20 09:57:49.000000",0,"Sí, acepto participar.","Auxiliar o técnico veterinario","18–25 años","Masculino","Quinsaloma ","De 2 a 5 años","2","Buena","Nunca","Muy importante","Inventario de medicamentos","Útil","De acuerdo","El principal problema es la falta de organización en las citas, historias clínicas y seguimiento de los pacientes, lo que puede causar demoras y errores.","Me gustaría que el sistema permita gestionar citas, registrar historias clínicas, controlar medicamentos y recibir recordatorios. También sería útil que sea fácil de usar y rápido.","Ayudaría a ahorrar tiempo, organizar mejor la información, reducir errores y mejorar la atención a los animales y sus dueños.","Sugiero que el sistema sea sencillo, seguro y fácil de utilizar. La inteligencia artificial debería ayudar al personal, pero las decisiones médicas siempre deben ser tomadas por un veterinario."
"2026-09-20 10:05:48.000000",0,"Sí, acepto participar.","Médico veterinario(a)","18–25 años","Femenino","El empalme ","No aplica","1","Regular","Algunas veces","Importante","Inventario de medicamentos","Muy útil","Neutral","La falta de integración entre el historial clínico, el control de inventarios y la gestión de citas, lo que genera retrasos y desorden operativo.","Agenda automatizada con recordatorios para clientes,","Optimización del tiempo, diagnósticos de apoyo más rápidos,","Que sea una plataforma intuitiva, rápida de usar en el día a día y que garantice la seguridad y privacidad de los datos de los pacientes.  "
"2026-09-20 10:06:34.000000",0,"Sí, acepto participar.","Auxiliar o técnico veterinario","18–25 años","Masculino","Quevedo ","Menos de 1 años","3 o más","Muy buena","Siempre","Muy importante","Comunicación con los dueños de mascotas","Muy útil","Totalmente de acuerdo","J","n","N","No"
"2026-09-20 10:11:20.000000",0,"Sí, acepto participar.","Médico veterinario(a)","18–25 años","Femenino","Guayas","Menos de 1 años","No aplica","Buena","Rara vez","Muy importante","Comunicación con los dueños de mascotas","Muy útil","Neutral","Falta de comunicación del medico hacia el dueño delaciente ","Recordatorios sobre citas medicas vía telefónica ","No lo sé ","Ninguno "
"2026-09-20 10:12:21.000000",0,"Sí, acepto participar.","Auxiliar o técnico veterinario","18–25 años","Femenino","Quito","De 2 a 5 años","2","Regular","Algunas veces","Importante","Historial clínico","Útil","De acuerdo","El registro de historias clínicas y el inventario de medicamentos y utensilios ","Recordatorio de citas, inventario de medicamentos e historias clínicas ","Muy beneficioso en el tema de historias clínicas ","Que sea sencillo de usar y que contenga todo lo necesario para la veterinaria "
"2026-09-20 10:15:06.000000",0,"Sí, acepto participar.","Auxiliar o técnico veterinario","26–35 años","Femenino","Buena fe ","De 2 a 5 años","2","Muy mala","Frecuentemente","Muy importante","Comunicación con los dueños de mascotas","Muy útil","Totalmente de acuerdo","La falta de comunicacion","Que sea entendible","muchos","no"
"2026-09-20 10:32:48.000000",0,"Sí, acepto participar.","Médico veterinario(a)","36–45 años","Masculino","Loja","De 6 a 10 años","No aplica","Regular","Algunas veces","Importante","Gestión de citas","Muy útil","Totalmente de acuerdo","la falta de comunicación ","La verdad varias funciones","Mayor comunicación con los clientes","no"
"2026-09-20 10:38:18.000000",0,"Sí, acepto participar.","Médico veterinario(a)","18–25 años","Masculino","Riobamba ","Menos de 1 años","3 o más","Buena","Algunas veces","Importante","Gestión de citas","Útil","De acuerdo","Tiempo de espera ","Sala de espera adecuado ","Gestión del tiempo ","Interfaz amigable"
"2026-09-20 11:09:10.000000",0,"Sí, acepto participar.","Auxiliar o técnico veterinario","36–45 años","Masculino","Quevedo","De 2 a 5 años","2","Regular","Siempre","Muy importante","Gestión de citas","Muy útil","Totalmente de acuerdo","la mala orden de citas","que lleve una gestion para citas","ayudaria ala atencion rapida","no"
